Timestamp,FrameNumber,RigidBodyID,RigidBodyName,PosX,PosY,PosZ,RotX,RotY,RotZ,RotW,MeanError,Tracked
27621.5190259,219,1,RigidBody_1,-0.6221721768379211,0.6755009293556213,1.8527145385742188,0.11466684192419052,-0.5889856815338135,0.7601719498634338,0.2491706758737564,0.0,False
27621.5270692,220,1,RigidBody_1,-0.6221721768379211,0.6755009293556213,1.8527145385742188,0.11466684192419052,-0.5889856815338135,0.7601719498634338,0.2491706758737564,0.0,False
27621.551433,221,1,RigidBody_1,-0.6221721768379211,0.6755009293556213,1.8527145385742188,0.11466684192419052,-0.5889856815338135,0.7601719498634338,0.2491706758737564,0.0,False
27621.5531007,222,1,RigidBody_1,-0.6221721768379211,0.6755009293556213,1.8527145385742188,0.11466684192419052,-0.5889856815338135,0.7601719498634338,0.2491706758737564,0.0,False
27621.5546836,223,1,RigidBody_1,-0.6221721768379211,0.6755009293556213,1.8527145385742188,0.11466684192419052,-0.5889856815338135,0.7601719498634338,0.2491706758737564,0.0,False
27621.5749733,224,1,RigidBody_1,-0.6221721768379211,0.6755009293556213,1.8527145385742188,0.11466684192419052,-0.5889856815338135,0.7601719498634338,0.2491706758737564,0.0,False
27621.5768774,225,1,RigidBody_1,-0.6221721768379211,0.6755009293556213,1.8527145385742188,0.11466684192419052,-0.5889856815338135,0.7601719498634338,0.2491706758737564,0.0,False
27621.5787567,226,1,RigidBody_1,-0.6221721768379211,0.6755009293556213,1.8527145385742188,0.11466684192419052,-0.5889856815338135,0.7601719498634338,0.2491706758737564,0.0,False
27621.5969255,227,1,RigidBody_1,-0.6221721768379211,0.6755009293556213,1.8527145385742188,0.11466684192419052,-0.5889856815338135,0.7601719498634338,0.2491706758737564,0.0,False
27621.5985968,228,1,RigidBody_1,-0.6221721768379211,0.6755009293556213,1.8527145385742188,0.11466684192419052,-0.5889856815338135,0.7601719498634338,0.2491706758737564,0.0,False
27621.6181313,229,1,RigidBody_1,-0.6221721768379211,0.6755009293556213,1.8527145385742188,0.11466684192419052,-0.5889856815338135,0.7601719498634338,0.2491706758737564,0.0,False
27621.6198994,230,1,RigidBody_1,-0.6221721768379211,0.6755009293556213,1.8527145385742188,0.11466684192419052,-0.5889856815338135,0.7601719498634338,0.2491706758737564,0.0,False
27621.6216798,231,1,RigidBody_1,-0.6221721768379211,0.6755009293556213,1.8527145385742188,0.11466684192419052,-0.5889856815338135,0.7601719498634338,0.2491706758737564,0.0,False
27621.6414848,232,1,RigidBody_1,-0.6221721768379211,0.6755009293556213,1.8527145385742188,0.11466684192419052,-0.5889856815338135,0.7601719498634338,0.2491706758737564,0.0,False
27621.6433508,233,1,RigidBody_1,-0.6221721768379211,0.6755009293556213,1.8527145385742188,0.11466684192419052,-0.5889856815338135,0.7601719498634338,0.2491706758737564,0.0,False
27621.6451875,234,1,RigidBody_1,-0.6221721768379211,0.6755009293556213,1.8527145385742188,0.11466684192419052,-0.5889856815338135,0.7601719498634338,0.2491706758737564,0.0,False
27621.6630506,235,1,RigidBody_1,-0.6221721768379211,0.6755009293556213,1.8527145385742188,0.11466684192419052,-0.5889856815338135,0.7601719498634338,0.2491706758737564,0.0,False
27621.6647046,236,1,RigidBody_1,-0.6221721768379211,0.6755009293556213,1.8527145385742188,0.11466684192419052,-0.5889856815338135,0.7601719498634338,0.2491706758737564,0.0,False
27621.6828039,237,1,RigidBody_1,-0.6221721768379211,0.6755009293556213,1.8527145385742188,0.11466684192419052,-0.5889856815338135,0.7601719498634338,0.2491706758737564,0.0,False
27621.6844954,238,1,RigidBody_1,-0.6221721768379211,0.6755009293556213,1.8527145385742188,0.11466684192419052,-0.5889856815338135,0.7601719498634338,0.2491706758737564,0.0,False
27621.7020501,239,1,RigidBody_1,-0.6221721768379211,0.6755009293556213,1.8527145385742188,0.11466684192419052,-0.5889856815338135,0.7601719498634338,0.2491706758737564,0.0,False
27621.7038483,240,1,RigidBody_1,-0.6221721768379211,0.6755009293556213,1.8527145385742188,0.11466684192419052,-0.5889856815338135,0.7601719498634338,0.2491706758737564,0.0,False
27621.7055357,241,1,RigidBody_1,-0.6221721768379211,0.6755009293556213,1.8527145385742188,0.11466684192419052,-0.5889856815338135,0.7601719498634338,0.2491706758737564,0.0,False
27621.7225216,242,1,RigidBody_1,-0.6221721768379211,0.6755009293556213,1.8527145385742188,0.11466684192419052,-0.5889856815338135,0.7601719498634338,0.2491706758737564,0.0,False
27621.7242296,243,1,RigidBody_1,-0.6221721768379211,0.6755009293556213,1.8527145385742188,0.11466684192419052,-0.5889856815338135,0.7601719498634338,0.2491706758737564,0.0,False
27621.7264063,244,1,RigidBody_1,-0.6221721768379211,0.6755009293556213,1.8527145385742188,0.11466684192419052,-0.5889856815338135,0.7601719498634338,0.2491706758737564,0.0,False
27621.7445977,245,1,RigidBody_1,-0.6221721768379211,0.6755009293556213,1.8527145385742188,0.11466684192419052,-0.5889856815338135,0.7601719498634338,0.2491706758737564,0.0,False
27621.7461771,246,1,RigidBody_1,-0.6221721768379211,0.6755009293556213,1.8527145385742188,0.11466684192419052,-0.5889856815338135,0.7601719498634338,0.2491706758737564,0.0,False
27621.7655476,247,1,RigidBody_1,-0.6221721768379211,0.6755009293556213,1.8527145385742188,0.11466684192419052,-0.5889856815338135,0.7601719498634338,0.2491706758737564,0.0,False
27621.767209,248,1,RigidBody_1,-0.6221721768379211,0.6755009293556213,1.8527145385742188,0.11466684192419052,-0.5889856815338135,0.7601719498634338,0.2491706758737564,0.0,False
27621.7698487,249,1,RigidBody_1,-0.6221721768379211,0.6755009293556213,1.8527145385742188,0.11466684192419052,-0.5889856815338135,0.7601719498634338,0.2491706758737564,0.0,False
27621.7859581,250,1,RigidBody_1,-0.6221721768379211,0.6755009293556213,1.8527145385742188,0.11466684192419052,-0.5889856815338135,0.7601719498634338,0.2491706758737564,0.0,False
27621.7876409,251,1,RigidBody_1,-0.6221721768379211,0.6755009293556213,1.8527145385742188,0.11466684192419052,-0.5889856815338135,0.7601719498634338,0.2491706758737564,0.0,False
27621.8066515,252,1,RigidBody_1,-0.6221721768379211,0.6755009293556213,1.8527145385742188,0.11466684192419052,-0.5889856815338135,0.7601719498634338,0.2491706758737564,0.0,False
27621.8082925,253,1,RigidBody_1,-0.6221721768379211,0.6755009293556213,1.8527145385742188,0.11466684192419052,-0.5889856815338135,0.7601719498634338,0.2491706758737564,0.0,False
27621.8099734,254,1,RigidBody_1,-0.6221721768379211,0.6755009293556213,1.8527145385742188,0.11466684192419052,-0.5889856815338135,0.7601719498634338,0.2491706758737564,0.0,False
27621.8260034,255,1,RigidBody_1,-0.6221721768379211,0.6755009293556213,1.8527145385742188,0.11466684192419052,-0.5889856815338135,0.7601719498634338,0.2491706758737564,0.0,False
27621.8277534,256,1,RigidBody_1,-0.6221721768379211,0.6755009293556213,1.8527145385742188,0.11466684192419052,-0.5889856815338135,0.7601719498634338,0.2491706758737564,0.0,False
27621.8475929,257,1,RigidBody_1,-0.6221721768379211,0.6755009293556213,1.8527145385742188,0.11466684192419052,-0.5889856815338135,0.7601719498634338,0.2491706758737564,0.0,False
27621.8492538,258,1,RigidBody_1,-0.6221721768379211,0.6755009293556213,1.8527145385742188,0.11466684192419052,-0.5889856815338135,0.7601719498634338,0.2491706758737564,0.0,False
27621.8518261,259,1,RigidBody_1,-0.6221721768379211,0.6755009293556213,1.8527145385742188,0.11466684192419052,-0.5889856815338135,0.7601719498634338,0.2491706758737564,0.0,False
27621.8705219,260,1,RigidBody_1,-0.6221721768379211,0.6755009293556213,1.8527145385742188,0.11466684192419052,-0.5889856815338135,0.7601719498634338,0.2491706758737564,0.0,False
27621.8722044,261,1,RigidBody_1,-0.6221721768379211,0.6755009293556213,1.8527145385742188,0.11466684192419052,-0.5889856815338135,0.7601719498634338,0.2491706758737564,0.0,False
27621.8930099,262,1,RigidBody_1,-0.6221721768379211,0.6755009293556213,1.8527145385742188,0.11466684192419052,-0.5889856815338135,0.7601719498634338,0.2491706758737564,0.0,False
27621.8950779,263,1,RigidBody_1,-0.6221721768379211,0.6755009293556213,1.8527145385742188,0.11466684192419052,-0.5889856815338135,0.7601719498634338,0.2491706758737564,0.0,False
27621.8967421,264,1,RigidBody_1,-0.6221721768379211,0.6755009293556213,1.8527145385742188,0.11466684192419052,-0.5889856815338135,0.7601719498634338,0.2491706758737564,0.0,False
27621.915103,265,1,RigidBody_1,-0.6221721768379211,0.6755009293556213,1.8527145385742188,0.11466684192419052,-0.5889856815338135,0.7601719498634338,0.2491706758737564,0.0,False
27621.9169386,266,1,RigidBody_1,-0.6221721768379211,0.6755009293556213,1.8527145385742188,0.11466684192419052,-0.5889856815338135,0.7601719498634338,0.2491706758737564,0.0,False
27621.9186411,267,1,RigidBody_1,-0.6221721768379211,0.6755009293556213,1.8527145385742188,0.11466684192419052,-0.5889856815338135,0.7601719498634338,0.2491706758737564,0.0,False
27621.9364013,268,1,RigidBody_1,-0.6221721768379211,0.6755009293556213,1.8527145385742188,0.11466684192419052,-0.5889856815338135,0.7601719498634338,0.2491706758737564,0.0,False
27621.938117,269,1,RigidBody_1,-0.6221721768379211,0.6755009293556213,1.8527145385742188,0.11466684192419052,-0.5889856815338135,0.7601719498634338,0.2491706758737564,0.0,False
27621.9570273,270,1,RigidBody_1,-0.6221721768379211,0.6755009293556213,1.8527145385742188,0.11466684192419052,-0.5889856815338135,0.7601719498634338,0.2491706758737564,0.0,False
27621.9588432,271,1,RigidBody_1,-0.6221721768379211,0.6755009293556213,1.8527145385742188,0.11466684192419052,-0.5889856815338135,0.7601719498634338,0.2491706758737564,0.0,False
27621.9610097,272,1,RigidBody_1,-0.6221721768379211,0.6755009293556213,1.8527145385742188,0.11466684192419052,-0.5889856815338135,0.7601719498634338,0.2491706758737564,0.0,False
27621.9795937,273,1,RigidBody_1,-0.6221721768379211,0.6755009293556213,1.8527145385742188,0.11466684192419052,-0.5889856815338135,0.7601719498634338,0.2491706758737564,0.0,False
27621.9814189,274,1,RigidBody_1,-0.6221721768379211,0.6755009293556213,1.8527145385742188,0.11466684192419052,-0.5889856815338135,0.7601719498634338,0.2491706758737564,0.0,False
27622.001129,275,1,RigidBody_1,-0.6221721768379211,0.6755009293556213,1.8527145385742188,0.11466684192419052,-0.5889856815338135,0.7601719498634338,0.2491706758737564,0.0,False
27622.0027658,276,1,RigidBody_1,-0.6221721768379211,0.6755009293556213,1.8527145385742188,0.11466684192419052,-0.5889856815338135,0.7601719498634338,0.2491706758737564,0.0,False
27622.0043998,277,1,RigidBody_1,-0.6221721768379211,0.6755009293556213,1.8527145385742188,0.11466684192419052,-0.5889856815338135,0.7601719498634338,0.2491706758737564,0.0,False
27622.022609,278,1,RigidBody_1,-0.6221721768379211,0.6755009293556213,1.8527145385742188,0.11466684192419052,-0.5889856815338135,0.7601719498634338,0.2491706758737564,0.0,False
27622.0242727,279,1,RigidBody_1,-0.6221721768379211,0.6755009293556213,1.8527145385742188,0.11466684192419052,-0.5889856815338135,0.7601719498634338,0.2491706758737564,0.0,False
27622.0265349,280,1,RigidBody_1,-0.6221721768379211,0.6755009293556213,1.8527145385742188,0.11466684192419052,-0.5889856815338135,0.7601719498634338,0.2491706758737564,0.0,False
27622.0447783,281,1,RigidBody_1,-0.6221721768379211,0.6755009293556213,1.8527145385742188,0.11466684192419052,-0.5889856815338135,0.7601719498634338,0.2491706758737564,0.0,False
27622.0465116,282,1,RigidBody_1,-0.6221721768379211,0.6755009293556213,1.8527145385742188,0.11466684192419052,-0.5889856815338135,0.7601719498634338,0.2491706758737564,0.0,False
27622.0656336,283,1,RigidBody_1,-0.6221721768379211,0.6755009293556213,1.8527145385742188,0.11466684192419052,-0.5889856815338135,0.7601719498634338,0.2491706758737564,0.0,False
27622.0673195,284,1,RigidBody_1,-0.6221721768379211,0.6755009293556213,1.8527145385742188,0.11466684192419052,-0.5889856815338135,0.7601719498634338,0.2491706758737564,0.0,False
27622.0870188,285,1,RigidBody_1,-0.6221721768379211,0.6755009293556213,1.8527145385742188,0.11466684192419052,-0.5889856815338135,0.7601719498634338,0.2491706758737564,0.0,False
27622.0888812,286,1,RigidBody_1,-0.6221721768379211,0.6755009293556213,1.8527145385742188,0.11466684192419052,-0.5889856815338135,0.7601719498634338,0.2491706758737564,0.0,False
27622.0905968,287,1,RigidBody_1,-0.6221721768379211,0.6755009293556213,1.8527145385742188,0.11466684192419052,-0.5889856815338135,0.7601719498634338,0.2491706758737564,0.0,False
27622.112523,288,1,RigidBody_1,-0.6221721768379211,0.6755009293556213,1.8527145385742188,0.11466684192419052,-0.5889856815338135,0.7601719498634338,0.2491706758737564,0.0,False
27622.1143099,289,1,RigidBody_1,-0.6221721768379211,0.6755009293556213,1.8527145385742188,0.11466684192419052,-0.5889856815338135,0.7601719498634338,0.2491706758737564,0.0,False
27622.115984,290,1,RigidBody_1,-0.6221721768379211,0.6755009293556213,1.8527145385742188,0.11466684192419052,-0.5889856815338135,0.7601719498634338,0.2491706758737564,0.0,False
27622.1354328,291,1,RigidBody_1,-0.6221721768379211,0.6755009293556213,1.8527145385742188,0.11466684192419052,-0.5889856815338135,0.7601719498634338,0.2491706758737564,0.0,False
27622.1371721,292,1,RigidBody_1,-0.6221721768379211,0.6755009293556213,1.8527145385742188,0.11466684192419052,-0.5889856815338135,0.7601719498634338,0.2491706758737564,0.0,False
27622.1390597,293,1,RigidBody_1,-0.6221721768379211,0.6755009293556213,1.8527145385742188,0.11466684192419052,-0.5889856815338135,0.7601719498634338,0.2491706758737564,0.0,False
27622.1569285,294,1,RigidBody_1,-0.6221721768379211,0.6755009293556213,1.8527145385742188,0.11466684192419052,-0.5889856815338135,0.7601719498634338,0.2491706758737564,0.0,False
27622.1586252,295,1,RigidBody_1,-0.6221721768379211,0.6755009293556213,1.8527145385742188,0.11466684192419052,-0.5889856815338135,0.7601719498634338,0.2491706758737564,0.0,False
27622.1602421,296,1,RigidBody_1,-0.6221721768379211,0.6755009293556213,1.8527145385742188,0.11466684192419052,-0.5889856815338135,0.7601719498634338,0.2491706758737564,0.0,False
27622.1795655,297,1,RigidBody_1,-0.6221721768379211,0.6755009293556213,1.8527145385742188,0.11466684192419052,-0.5889856815338135,0.7601719498634338,0.2491706758737564,0.0,False
27622.1815202,298,1,RigidBody_1,-0.6221721768379211,0.6755009293556213,1.8527145385742188,0.11466684192419052,-0.5889856815338135,0.7601719498634338,0.2491706758737564,0.0,False
27622.2019599,299,1,RigidBody_1,-0.6221721768379211,0.6755009293556213,1.8527145385742188,0.11466684192419052,-0.5889856815338135,0.7601719498634338,0.2491706758737564,0.0,False
27622.2040286,300,1,RigidBody_1,-0.6221721768379211,0.6755009293556213,1.8527145385742188,0.11466684192419052,-0.5889856815338135,0.7601719498634338,0.2491706758737564,0.0,False
27622.2057816,301,1,RigidBody_1,-0.6221721768379211,0.6755009293556213,1.8527145385742188,0.11466684192419052,-0.5889856815338135,0.7601719498634338,0.2491706758737564,0.0,False
27622.2257882,302,1,RigidBody_1,-0.6221721768379211,0.6755009293556213,1.8527145385742188,0.11466684192419052,-0.5889856815338135,0.7601719498634338,0.2491706758737564,0.0,False
27622.2277913,303,1,RigidBody_1,-0.6221721768379211,0.6755009293556213,1.8527145385742188,0.11466684192419052,-0.5889856815338135,0.7601719498634338,0.2491706758737564,0.0,False
27622.2295097,304,1,RigidBody_1,-0.6221721768379211,0.6755009293556213,1.8527145385742188,0.11466684192419052,-0.5889856815338135,0.7601719498634338,0.2491706758737564,0.0,False
27622.2488984,305,1,RigidBody_1,-0.6221721768379211,0.6755009293556213,1.8527145385742188,0.11466684192419052,-0.5889856815338135,0.7601719498634338,0.2491706758737564,0.0,False
27622.2507949,306,1,RigidBody_1,-0.6221721768379211,0.6755009293556213,1.8527145385742188,0.11466684192419052,-0.5889856815338135,0.7601719498634338,0.2491706758737564,0.0,False
27622.252735,307,1,RigidBody_1,-0.6221721768379211,0.6755009293556213,1.8527145385742188,0.11466684192419052,-0.5889856815338135,0.7601719498634338,0.2491706758737564,0.0,False
27622.2713293,308,1,RigidBody_1,-0.6221721768379211,0.6755009293556213,1.8527145385742188,0.11466684192419052,-0.5889856815338135,0.7601719498634338,0.2491706758737564,0.0,False
27622.2731649,309,1,RigidBody_1,-0.6221721768379211,0.6755009293556213,1.8527145385742188,0.11466684192419052,-0.5889856815338135,0.7601719498634338,0.2491706758737564,0.0,False
27622.2942233,310,1,RigidBody_1,-0.6221721768379211,0.6755009293556213,1.8527145385742188,0.11466684192419052,-0.5889856815338135,0.7601719498634338,0.2491706758737564,0.0,False
27622.297304,311,1,RigidBody_1,-0.6221721768379211,0.6755009293556213,1.8527145385742188,0.11466684192419052,-0.5889856815338135,0.7601719498634338,0.2491706758737564,0.0,False
27622.3000469,312,1,RigidBody_1,-0.6221721768379211,0.6755009293556213,1.8527145385742188,0.11466684192419052,-0.5889856815338135,0.7601719498634338,0.2491706758737564,0.0,False
27622.3190595,313,1,RigidBody_1,-0.6221721768379211,0.6755009293556213,1.8527145385742188,0.11466684192419052,-0.5889856815338135,0.7601719498634338,0.2491706758737564,0.0,False
27622.3209753,314,1,RigidBody_1,-0.6221721768379211,0.6755009293556213,1.8527145385742188,0.11466684192419052,-0.5889856815338135,0.7601719498634338,0.2491706758737564,0.0,False
27622.3228741,315,1,RigidBody_1,-0.6221721768379211,0.6755009293556213,1.8527145385742188,0.11466684192419052,-0.5889856815338135,0.7601719498634338,0.2491706758737564,0.0,False
27622.3423333,316,1,RigidBody_1,-0.6221721768379211,0.6755009293556213,1.8527145385742188,0.11466684192419052,-0.5889856815338135,0.7601719498634338,0.2491706758737564,0.0,False
27622.3445762,317,1,RigidBody_1,-0.6221721768379211,0.6755009293556213,1.8527145385742188,0.11466684192419052,-0.5889856815338135,0.7601719498634338,0.2491706758737564,0.0,False
27622.3470442,318,1,RigidBody_1,-0.6221721768379211,0.6755009293556213,1.8527145385742188,0.11466684192419052,-0.5889856815338135,0.7601719498634338,0.2491706758737564,0.0,False
27622.3669213,319,1,RigidBody_1,-0.6221721768379211,0.6755009293556213,1.8527145385742188,0.11466684192419052,-0.5889856815338135,0.7601719498634338,0.2491706758737564,0.0,False
27622.3697204,320,1,RigidBody_1,-0.6221721768379211,0.6755009293556213,1.8527145385742188,0.11466684192419052,-0.5889856815338135,0.7601719498634338,0.2491706758737564,0.0,False
27622.3894751,321,1,RigidBody_1,-0.6221721768379211,0.6755009293556213,1.8527145385742188,0.11466684192419052,-0.5889856815338135,0.7601719498634338,0.2491706758737564,0.0,False
27622.3914132,322,1,RigidBody_1,-0.6221721768379211,0.6755009293556213,1.8527145385742188,0.11466684192419052,-0.5889856815338135,0.7601719498634338,0.2491706758737564,0.0,False
27622.3935186,323,1,RigidBody_1,-0.6221721768379211,0.6755009293556213,1.8527145385742188,0.11466684192419052,-0.5889856815338135,0.7601719498634338,0.2491706758737564,0.0,False
27622.4136655,324,1,RigidBody_1,-0.6221721768379211,0.6755009293556213,1.8527145385742188,0.11466684192419052,-0.5889856815338135,0.7601719498634338,0.2491706758737564,0.0,False
27622.4158529,325,1,RigidBody_1,-0.6221721768379211,0.6755009293556213,1.8527145385742188,0.11466684192419052,-0.5889856815338135,0.7601719498634338,0.2491706758737564,0.0,False
27622.4178576,326,1,RigidBody_1,-0.6221721768379211,0.6755009293556213,1.8527145385742188,0.11466684192419052,-0.5889856815338135,0.7601719498634338,0.2491706758737564,0.0,False
27622.4390338,327,1,RigidBody_1,-0.6221721768379211,0.6755009293556213,1.8527145385742188,0.11466684192419052,-0.5889856815338135,0.7601719498634338,0.2491706758737564,0.0,False
27622.4409012,328,1,RigidBody_1,-0.6221721768379211,0.6755009293556213,1.8527145385742188,0.11466684192419052,-0.5889856815338135,0.7601719498634338,0.2491706758737564,0.0,False
27622.4426878,329,1,RigidBody_1,-0.6221721768379211,0.6755009293556213,1.8527145385742188,0.11466684192419052,-0.5889856815338135,0.7601719498634338,0.2491706758737564,0.0,False
27622.445179,330,1,RigidBody_1,-0.6221721768379211,0.6755009293556213,1.8527145385742188,0.11466684192419052,-0.5889856815338135,0.7601719498634338,0.2491706758737564,0.0,False
27622.4657493,331,1,RigidBody_1,-0.6221721768379211,0.6755009293556213,1.8527145385742188,0.11466684192419052,-0.5889856815338135,0.7601719498634338,0.2491706758737564,0.0,False
27622.4677313,332,1,RigidBody_1,-0.6221721768379211,0.6755009293556213,1.8527145385742188,0.11466684192419052,-0.5889856815338135,0.7601719498634338,0.2491706758737564,0.0,False
27622.4696318,333,1,RigidBody_1,-0.6221721768379211,0.6755009293556213,1.8527145385742188,0.11466684192419052,-0.5889856815338135,0.7601719498634338,0.2491706758737564,0.0,False
27622.4888881,334,1,RigidBody_1,-0.6221721768379211,0.6755009293556213,1.8527145385742188,0.11466684192419052,-0.5889856815338135,0.7601719498634338,0.2491706758737564,0.0,False
27622.4908614,335,1,RigidBody_1,-0.6221721768379211,0.6755009293556213,1.8527145385742188,0.11466684192419052,-0.5889856815338135,0.7601719498634338,0.2491706758737564,0.0,False
27622.4937222,336,1,RigidBody_1,-0.6221721768379211,0.6755009293556213,1.8527145385742188,0.11466684192419052,-0.5889856815338135,0.7601719498634338,0.2491706758737564,0.0,False
27622.5161433,337,1,RigidBody_1,-0.6221721768379211,0.6755009293556213,1.8527145385742188,0.11466684192419052,-0.5889856815338135,0.7601719498634338,0.2491706758737564,0.0,False
27622.518168,338,1,RigidBody_1,-0.6221721768379211,0.6755009293556213,1.8527145385742188,0.11466684192419052,-0.5889856815338135,0.7601719498634338,0.2491706758737564,0.0,False
27622.5373091,339,1,RigidBody_1,-0.6221721768379211,0.6755009293556213,1.8527145385742188,0.11466684192419052,-0.5889856815338135,0.7601719498634338,0.2491706758737564,0.0,False
27622.5402492,340,1,RigidBody_1,-0.6221721768379211,0.6755009293556213,1.8527145385742188,0.11466684192419052,-0.5889856815338135,0.7601719498634338,0.2491706758737564,0.0,False
27622.5600897,341,1,RigidBody_1,-0.6221721768379211,0.6755009293556213,1.8527145385742188,0.11466684192419052,-0.5889856815338135,0.7601719498634338,0.2491706758737564,0.0,False
27622.5621309,342,1,RigidBody_1,-0.6221721768379211,0.6755009293556213,1.8527145385742188,0.11466684192419052,-0.5889856815338135,0.7601719498634338,0.2491706758737564,0.0,False
27622.5643124,343,1,RigidBody_1,-0.6221721768379211,0.6755009293556213,1.8527145385742188,0.11466684192419052,-0.5889856815338135,0.7601719498634338,0.2491706758737564,0.0,False
27622.5666933,344,1,RigidBody_1,-0.6221721768379211,0.6755009293556213,1.8527145385742188,0.11466684192419052,-0.5889856815338135,0.7601719498634338,0.2491706758737564,0.0,False
27622.5857458,345,1,RigidBody_1,-0.6221721768379211,0.6755009293556213,1.8527145385742188,0.11466684192419052,-0.5889856815338135,0.7601719498634338,0.2491706758737564,0.0,False
27622.5875522,346,1,RigidBody_1,-0.6221721768379211,0.6755009293556213,1.8527145385742188,0.11466684192419052,-0.5889856815338135,0.7601719498634338,0.2491706758737564,0.0,False
27622.5893269,347,1,RigidBody_1,-0.6221721768379211,0.6755009293556213,1.8527145385742188,0.11466684192419052,-0.5889856815338135,0.7601719498634338,0.2491706758737564,0.0,False
27622.6082735,348,1,RigidBody_1,-0.6221721768379211,0.6755009293556213,1.8527145385742188,0.11466684192419052,-0.5889856815338135,0.7601719498634338,0.2491706758737564,0.0,False
27622.6101573,349,1,RigidBody_1,-0.6221721768379211,0.6755009293556213,1.8527145385742188,0.11466684192419052,-0.5889856815338135,0.7601719498634338,0.2491706758737564,0.0,False
27622.6286517,350,1,RigidBody_1,-0.6221721768379211,0.6755009293556213,1.8527145385742188,0.11466684192419052,-0.5889856815338135,0.7601719498634338,0.2491706758737564,0.0,False
27622.6306514,351,1,RigidBody_1,-0.6221721768379211,0.6755009293556213,1.8527145385742188,0.11466684192419052,-0.5889856815338135,0.7601719498634338,0.2491706758737564,0.0,False
27622.6325057,352,1,RigidBody_1,-0.6221721768379211,0.6755009293556213,1.8527145385742188,0.11466684192419052,-0.5889856815338135,0.7601719498634338,0.2491706758737564,0.0,False
27622.6518789,353,1,RigidBody_1,-0.6221721768379211,0.6755009293556213,1.8527145385742188,0.11466684192419052,-0.5889856815338135,0.7601719498634338,0.2491706758737564,0.0,False
27622.6539373,354,1,RigidBody_1,-0.6221721768379211,0.6755009293556213,1.8527145385742188,0.11466684192419052,-0.5889856815338135,0.7601719498634338,0.2491706758737564,0.0,False
27622.6558711,355,1,RigidBody_1,-0.6221721768379211,0.6755009293556213,1.8527145385742188,0.11466684192419052,-0.5889856815338135,0.7601719498634338,0.2491706758737564,0.0,False
27622.6603686,356,1,RigidBody_1,-0.6221721768379211,0.6755009293556213,1.8527145385742188,0.11466684192419052,-0.5889856815338135,0.7601719498634338,0.2491706758737564,0.0,False
27622.6691689,357,1,RigidBody_1,-0.6221721768379211,0.6755009293556213,1.8527145385742188,0.11466684192419052,-0.5889856815338135,0.7601719498634338,0.2491706758737564,0.0,False
27622.6795713,358,1,RigidBody_1,-0.6221721768379211,0.6755009293556213,1.8527145385742188,0.11466684192419052,-0.5889856815338135,0.7601719498634338,0.2491706758737564,0.0,False
27622.6874564,359,1,RigidBody_1,-0.6221721768379211,0.6755009293556213,1.8527145385742188,0.11466684192419052,-0.5889856815338135,0.7601719498634338,0.2491706758737564,0.0,False
27622.6956442,360,1,RigidBody_1,-0.6221721768379211,0.6755009293556213,1.8527145385742188,0.11466684192419052,-0.5889856815338135,0.7601719498634338,0.2491706758737564,0.0,False
27622.7033006,361,1,RigidBody_1,-0.6221721768379211,0.6755009293556213,1.8527145385742188,0.11466684192419052,-0.5889856815338135,0.7601719498634338,0.2491706758737564,0.0,False
27622.711536,362,1,RigidBody_1,-0.6221721768379211,0.6755009293556213,1.8527145385742188,0.11466684192419052,-0.5889856815338135,0.7601719498634338,0.2491706758737564,0.0,False
27622.7197005,363,1,RigidBody_1,-0.6221721768379211,0.6755009293556213,1.8527145385742188,0.11466684192419052,-0.5889856815338135,0.7601719498634338,0.2491706758737564,0.0,False
27622.7272373,364,1,RigidBody_1,-0.6221721768379211,0.6755009293556213,1.8527145385742188,0.11466684192419052,-0.5889856815338135,0.7601719498634338,0.2491706758737564,0.0,False
27622.7349598,365,1,RigidBody_1,-0.6221721768379211,0.6755009293556213,1.8527145385742188,0.11466684192419052,-0.5889856815338135,0.7601719498634338,0.2491706758737564,0.0,False
27622.748183,366,1,RigidBody_1,-0.6221721768379211,0.6755009293556213,1.8527145385742188,0.11466684192419052,-0.5889856815338135,0.7601719498634338,0.2491706758737564,0.0,False
27622.7529032,367,1,RigidBody_1,-0.6221721768379211,0.6755009293556213,1.8527145385742188,0.11466684192419052,-0.5889856815338135,0.7601719498634338,0.2491706758737564,0.0,False
27622.7632308,368,1,RigidBody_1,-0.6221721768379211,0.6755009293556213,1.8527145385742188,0.11466684192419052,-0.5889856815338135,0.7601719498634338,0.2491706758737564,0.0,False
27622.7685887,369,1,RigidBody_1,-0.6221721768379211,0.6755009293556213,1.8527145385742188,0.11466684192419052,-0.5889856815338135,0.7601719498634338,0.2491706758737564,0.0,False
27622.7819941,370,1,RigidBody_1,-0.6221721768379211,0.6755009293556213,1.8527145385742188,0.11466684192419052,-0.5889856815338135,0.7601719498634338,0.2491706758737564,0.0,False
27622.7861128,371,1,RigidBody_1,-0.6221721768379211,0.6755009293556213,1.8527145385742188,0.11466684192419052,-0.5889856815338135,0.7601719498634338,0.2491706758737564,0.0,False
27622.7974907,372,1,RigidBody_1,-0.6221721768379211,0.6755009293556213,1.8527145385742188,0.11466684192419052,-0.5889856815338135,0.7601719498634338,0.2491706758737564,0.0,False
27622.8055293,373,1,RigidBody_1,-0.6221721768379211,0.6755009293556213,1.8527145385742188,0.11466684192419052,-0.5889856815338135,0.7601719498634338,0.2491706758737564,0.0,False
27622.8165843,374,1,RigidBody_1,-0.6221721768379211,0.6755009293556213,1.8527145385742188,0.11466684192419052,-0.5889856815338135,0.7601719498634338,0.2491706758737564,0.0,False
27622.8196721,375,1,RigidBody_1,-0.6221721768379211,0.6755009293556213,1.8527145385742188,0.11466684192419052,-0.5889856815338135,0.7601719498634338,0.2491706758737564,0.0,False
27622.8347688,376,1,RigidBody_1,-0.6221721768379211,0.6755009293556213,1.8527145385742188,0.11466684192419052,-0.5889856815338135,0.7601719498634338,0.2491706758737564,0.0,False
27622.8374939,377,1,RigidBody_1,-0.6221721768379211,0.6755009293556213,1.8527145385742188,0.11466684192419052,-0.5889856815338135,0.7601719498634338,0.2491706758737564,0.0,False
27622.8479658,378,1,RigidBody_1,-0.6221721768379211,0.6755009293556213,1.8527145385742188,0.11466684192419052,-0.5889856815338135,0.7601719498634338,0.2491706758737564,0.0,False
27622.8546847,379,1,RigidBody_1,-0.6221721768379211,0.6755009293556213,1.8527145385742188,0.11466684192419052,-0.5889856815338135,0.7601719498634338,0.2491706758737564,0.0,False
27622.8615575,380,1,RigidBody_1,-0.6221721768379211,0.6755009293556213,1.8527145385742188,0.11466684192419052,-0.5889856815338135,0.7601719498634338,0.2491706758737564,0.0,False
27622.8705375,381,1,RigidBody_1,-0.6221721768379211,0.6755009293556213,1.8527145385742188,0.11466684192419052,-0.5889856815338135,0.7601719498634338,0.2491706758737564,0.0,False
27622.8803511,382,1,RigidBody_1,-0.6221721768379211,0.6755009293556213,1.8527145385742188,0.11466684192419052,-0.5889856815338135,0.7601719498634338,0.2491706758737564,0.0,False
27622.8876283,383,1,RigidBody_1,-0.6221721768379211,0.6755009293556213,1.8527145385742188,0.11466684192419052,-0.5889856815338135,0.7601719498634338,0.2491706758737564,0.0,False
27622.8939144,384,1,RigidBody_1,-0.6221721768379211,0.6755009293556213,1.8527145385742188,0.11466684192419052,-0.5889856815338135,0.7601719498634338,0.2491706758737564,0.0,False
27622.9025969,385,1,RigidBody_1,-0.6221721768379211,0.6755009293556213,1.8527145385742188,0.11466684192419052,-0.5889856815338135,0.7601719498634338,0.2491706758737564,0.0,False
27622.9112197,386,1,RigidBody_1,-0.6221721768379211,0.6755009293556213,1.8527145385742188,0.11466684192419052,-0.5889856815338135,0.7601719498634338,0.2491706758737564,0.0,False
27622.9184258,387,1,RigidBody_1,-0.6221721768379211,0.6755009293556213,1.8527145385742188,0.11466684192419052,-0.5889856815338135,0.7601719498634338,0.2491706758737564,0.0,False
27622.9271953,388,1,RigidBody_1,-0.6221721768379211,0.6755009293556213,1.8527145385742188,0.11466684192419052,-0.5889856815338135,0.7601719498634338,0.2491706758737564,0.0,False
27622.9357047,389,1,RigidBody_1,-0.6221721768379211,0.6755009293556213,1.8527145385742188,0.11466684192419052,-0.5889856815338135,0.7601719498634338,0.2491706758737564,0.0,False
27622.9436909,390,1,RigidBody_1,-0.6221721768379211,0.6755009293556213,1.8527145385742188,0.11466684192419052,-0.5889856815338135,0.7601719498634338,0.2491706758737564,0.0,False
27622.9520479,391,1,RigidBody_1,-0.6221721768379211,0.6755009293556213,1.8527145385742188,0.11466684192419052,-0.5889856815338135,0.7601719498634338,0.2491706758737564,0.0,False
27622.9612436,392,1,RigidBody_1,-0.6221721768379211,0.6755009293556213,1.8527145385742188,0.11466684192419052,-0.5889856815338135,0.7601719498634338,0.2491706758737564,0.0,False
27622.9690427,393,1,RigidBody_1,-0.6221721768379211,0.6755009293556213,1.8527145385742188,0.11466684192419052,-0.5889856815338135,0.7601719498634338,0.2491706758737564,0.0,False
27622.9776161,394,1,RigidBody_1,-0.6221721768379211,0.6755009293556213,1.8527145385742188,0.11466684192419052,-0.5889856815338135,0.7601719498634338,0.2491706758737564,0.0,False
27622.9895989,395,1,RigidBody_1,-0.6221721768379211,0.6755009293556213,1.8527145385742188,0.11466684192419052,-0.5889856815338135,0.7601719498634338,0.2491706758737564,0.0,False
27622.995064,396,1,RigidBody_1,-0.6221721768379211,0.6755009293556213,1.8527145385742188,0.11466684192419052,-0.5889856815338135,0.7601719498634338,0.2491706758737564,0.0,False
27623.0035175,397,1,RigidBody_1,-0.6221721768379211,0.6755009293556213,1.8527145385742188,0.11466684192419052,-0.5889856815338135,0.7601719498634338,0.2491706758737564,0.0,False
27623.0115629,398,1,RigidBody_1,-0.6221721768379211,0.6755009293556213,1.8527145385742188,0.11466684192419052,-0.5889856815338135,0.7601719498634338,0.2491706758737564,0.0,False
27623.0195257,399,1,RigidBody_1,-0.6221721768379211,0.6755009293556213,1.8527145385742188,0.11466684192419052,-0.5889856815338135,0.7601719498634338,0.2491706758737564,0.0,False
27623.0277363,400,1,RigidBody_1,-0.6221721768379211,0.6755009293556213,1.8527145385742188,0.11466684192419052,-0.5889856815338135,0.7601719498634338,0.2491706758737564,0.0,False
27623.0352633,401,1,RigidBody_1,-0.6221721768379211,0.6755009293556213,1.8527145385742188,0.11466684192419052,-0.5889856815338135,0.7601719498634338,0.2491706758737564,0.0,False
27623.045268,402,1,RigidBody_1,-0.6221721768379211,0.6755009293556213,1.8527145385742188,0.11466684192419052,-0.5889856815338135,0.7601719498634338,0.2491706758737564,0.0,False
27623.0580011,403,1,RigidBody_1,-0.6221721768379211,0.6755009293556213,1.8527145385742188,0.11466684192419052,-0.5889856815338135,0.7601719498634338,0.2491706758737564,0.0,False
27623.0623746,404,1,RigidBody_1,-0.6221721768379211,0.6755009293556213,1.8527145385742188,0.11466684192419052,-0.5889856815338135,0.7601719498634338,0.2491706758737564,0.0,False
27623.0686427,405,1,RigidBody_1,-0.6221721768379211,0.6755009293556213,1.8527145385742188,0.11466684192419052,-0.5889856815338135,0.7601719498634338,0.2491706758737564,0.0,False
27623.0777542,406,1,RigidBody_1,-0.6221721768379211,0.6755009293556213,1.8527145385742188,0.11466684192419052,-0.5889856815338135,0.7601719498634338,0.2491706758737564,0.0,False
27623.0858305,407,1,RigidBody_1,-0.6221721768379211,0.6755009293556213,1.8527145385742188,0.11466684192419052,-0.5889856815338135,0.7601719498634338,0.2491706758737564,0.0,False
27623.0944162,408,1,RigidBody_1,-0.6221721768379211,0.6755009293556213,1.8527145385742188,0.11466684192419052,-0.5889856815338135,0.7601719498634338,0.2491706758737564,0.0,False
27623.1019336,409,1,RigidBody_1,-0.6221721768379211,0.6755009293556213,1.8527145385742188,0.11466684192419052,-0.5889856815338135,0.7601719498634338,0.2491706758737564,0.0,False
27623.1109364,410,1,RigidBody_1,-0.6221721768379211,0.6755009293556213,1.8527145385742188,0.11466684192419052,-0.5889856815338135,0.7601719498634338,0.2491706758737564,0.0,False
27623.1183198,411,1,RigidBody_1,-0.6221721768379211,0.6755009293556213,1.8527145385742188,0.11466684192419052,-0.5889856815338135,0.7601719498634338,0.2491706758737564,0.0,False
27623.1273881,412,1,RigidBody_1,-0.6221721768379211,0.6755009293556213,1.8527145385742188,0.11466684192419052,-0.5889856815338135,0.7601719498634338,0.2491706758737564,0.0,False
27623.1354185,413,1,RigidBody_1,-0.6221721768379211,0.6755009293556213,1.8527145385742188,0.11466684192419052,-0.5889856815338135,0.7601719498634338,0.2491706758737564,0.0,False
27623.1439405,414,1,RigidBody_1,-0.6221721768379211,0.6755009293556213,1.8527145385742188,0.11466684192419052,-0.5889856815338135,0.7601719498634338,0.2491706758737564,0.0,False
27623.152302,415,1,RigidBody_1,-0.6221721768379211,0.6755009293556213,1.8527145385742188,0.11466684192419052,-0.5889856815338135,0.7601719498634338,0.2491706758737564,0.0,False
27623.1618815,416,1,RigidBody_1,-0.6221721768379211,0.6755009293556213,1.8527145385742188,0.11466684192419052,-0.5889856815338135,0.7601719498634338,0.2491706758737564,0.0,False
27623.1689043,417,1,RigidBody_1,-0.6221721768379211,0.6755009293556213,1.8527145385742188,0.11466684192419052,-0.5889856815338135,0.7601719498634338,0.2491706758737564,0.0,False
27623.1803722,418,1,RigidBody_1,-0.6221721768379211,0.6755009293556213,1.8527145385742188,0.11466684192419052,-0.5889856815338135,0.7601719498634338,0.2491706758737564,0.0,False
27623.1853632,419,1,RigidBody_1,-0.6221721768379211,0.6755009293556213,1.8527145385742188,0.11466684192419052,-0.5889856815338135,0.7601719498634338,0.2491706758737564,0.0,False
27623.1949763,420,1,RigidBody_1,-0.6221721768379211,0.6755009293556213,1.8527145385742188,0.11466684192419052,-0.5889856815338135,0.7601719498634338,0.2491706758737564,0.0,False
27623.2037013,421,1,RigidBody_1,-0.6221721768379211,0.6755009293556213,1.8527145385742188,0.11466684192419052,-0.5889856815338135,0.7601719498634338,0.2491706758737564,0.0,False
27623.2108403,422,1,RigidBody_1,-0.6221721768379211,0.6755009293556213,1.8527145385742188,0.11466684192419052,-0.5889856815338135,0.7601719498634338,0.2491706758737564,0.0,False
27623.2151699,423,1,RigidBody_1,-0.6221721768379211,0.6755009293556213,1.8527145385742188,0.11466684192419052,-0.5889856815338135,0.7601719498634338,0.2491706758737564,0.0,False
27623.2169658,424,1,RigidBody_1,-0.6221721768379211,0.6755009293556213,1.8527145385742188,0.11466684192419052,-0.5889856815338135,0.7601719498634338,0.2491706758737564,0.0,False
27623.218635,425,1,RigidBody_1,-0.6221721768379211,0.6755009293556213,1.8527145385742188,0.11466684192419052,-0.5889856815338135,0.7601719498634338,0.2491706758737564,0.0,False
27623.2203357,426,1,RigidBody_1,-0.6221721768379211,0.6755009293556213,1.8527145385742188,0.11466684192419052,-0.5889856815338135,0.7601719498634338,0.2491706758737564,0.0,False
27623.222229,427,1,RigidBody_1,-0.6221721768379211,0.6755009293556213,1.8527145385742188,0.11466684192419052,-0.5889856815338135,0.7601719498634338,0.2491706758737564,0.0,False
27623.2239405,428,1,RigidBody_1,-0.6221721768379211,0.6755009293556213,1.8527145385742188,0.11466684192419052,-0.5889856815338135,0.7601719498634338,0.2491706758737564,0.0,False
27623.2307829,429,1,RigidBody_1,-0.6221721768379211,0.6755009293556213,1.8527145385742188,0.11466684192419052,-0.5889856815338135,0.7601719498634338,0.2491706758737564,0.0,False
27623.2396494,430,1,RigidBody_1,-0.6221721768379211,0.6755009293556213,1.8527145385742188,0.11466684192419052,-0.5889856815338135,0.7601719498634338,0.2491706758737564,0.0,False
27623.2530305,431,1,RigidBody_1,-0.6221721768379211,0.6755009293556213,1.8527145385742188,0.11466684192419052,-0.5889856815338135,0.7601719498634338,0.2491706758737564,0.0,False
27623.2586438,432,1,RigidBody_1,-0.6221721768379211,0.6755009293556213,1.8527145385742188,0.11466684192419052,-0.5889856815338135,0.7601719498634338,0.2491706758737564,0.0,False
27623.267023,433,1,RigidBody_1,-0.6221721768379211,0.6755009293556213,1.8527145385742188,0.11466684192419052,-0.5889856815338135,0.7601719498634338,0.2491706758737564,0.0,False
27623.2729933,434,1,RigidBody_1,-0.6221721768379211,0.6755009293556213,1.8527145385742188,0.11466684192419052,-0.5889856815338135,0.7601719498634338,0.2491706758737564,0.0,False
27623.2814018,435,1,RigidBody_1,-0.6221721768379211,0.6755009293556213,1.8527145385742188,0.11466684192419052,-0.5889856815338135,0.7601719498634338,0.2491706758737564,0.0,False
27623.2894576,436,1,RigidBody_1,-0.6221721768379211,0.6755009293556213,1.8527145385742188,0.11466684192419052,-0.5889856815338135,0.7601719498634338,0.2491706758737564,0.0,False
27623.5082536,437,1,RigidBody_1,-0.6221721768379211,0.6755009293556213,1.8527145385742188,0.11466684192419052,-0.5889856815338135,0.7601719498634338,0.2491706758737564,0.0,False
27623.5102268,438,1,RigidBody_1,-0.6221721768379211,0.6755009293556213,1.8527145385742188,0.11466684192419052,-0.5889856815338135,0.7601719498634338,0.2491706758737564,0.0,False
27623.5120337,439,1,RigidBody_1,-0.6221721768379211,0.6755009293556213,1.8527145385742188,0.11466684192419052,-0.5889856815338135,0.7601719498634338,0.2491706758737564,0.0,False
27623.5317194,440,1,RigidBody_1,-0.6221721768379211,0.6755009293556213,1.8527145385742188,0.11466684192419052,-0.5889856815338135,0.7601719498634338,0.2491706758737564,0.0,False
27623.5917046,441,1,RigidBody_1,-0.6221721768379211,0.6755009293556213,1.8527145385742188,0.11466684192419052,-0.5889856815338135,0.7601719498634338,0.2491706758737564,0.0,False
27623.5992838,442,1,RigidBody_1,-0.6221721768379211,0.6755009293556213,1.8527145385742188,0.11466684192419052,-0.5889856815338135,0.7601719498634338,0.2491706758737564,0.0,False
27623.650407,443,1,RigidBody_1,-0.6221721768379211,0.6755009293556213,1.8527145385742188,0.11466684192419052,-0.5889856815338135,0.7601719498634338,0.2491706758737564,0.0,False
27623.6642445,444,1,RigidBody_1,-0.6221721768379211,0.6755009293556213,1.8527145385742188,0.11466684192419052,-0.5889856815338135,0.7601719498634338,0.2491706758737564,0.0,False
27623.6725791,445,1,RigidBody_1,-0.6221721768379211,0.6755009293556213,1.8527145385742188,0.11466684192419052,-0.5889856815338135,0.7601719498634338,0.2491706758737564,0.0,False
27623.7059714,446,1,RigidBody_1,-0.6221721768379211,0.6755009293556213,1.8527145385742188,0.11466684192419052,-0.5889856815338135,0.7601719498634338,0.2491706758737564,0.0,False
27623.7497717,447,1,RigidBody_1,-0.6221721768379211,0.6755009293556213,1.8527145385742188,0.11466684192419052,-0.5889856815338135,0.7601719498634338,0.2491706758737564,0.0,False
27623.7517236,448,1,RigidBody_1,-0.6221721768379211,0.6755009293556213,1.8527145385742188,0.11466684192419052,-0.5889856815338135,0.7601719498634338,0.2491706758737564,0.0,False
27623.7561017,449,1,RigidBody_1,-0.6221721768379211,0.6755009293556213,1.8527145385742188,0.11466684192419052,-0.5889856815338135,0.7601719498634338,0.2491706758737564,0.0,False
27623.857745,450,1,RigidBody_1,-0.6221721768379211,0.6755009293556213,1.8527145385742188,0.11466684192419052,-0.5889856815338135,0.7601719498634338,0.2491706758737564,0.0,False
27623.8611341,451,1,RigidBody_1,-0.6221721768379211,0.6755009293556213,1.8527145385742188,0.11466684192419052,-0.5889856815338135,0.7601719498634338,0.2491706758737564,0.0,False
27623.8753978,452,1,RigidBody_1,-0.6221721768379211,0.6755009293556213,1.8527145385742188,0.11466684192419052,-0.5889856815338135,0.7601719498634338,0.2491706758737564,0.0,False
27623.9016414,453,1,RigidBody_1,-0.6221721768379211,0.6755009293556213,1.8527145385742188,0.11466684192419052,-0.5889856815338135,0.7601719498634338,0.2491706758737564,0.0,False
27623.9159979,454,1,RigidBody_1,-0.6221721768379211,0.6755009293556213,1.8527145385742188,0.11466684192419052,-0.5889856815338135,0.7601719498634338,0.2491706758737564,0.0,False
27623.9668878,455,1,RigidBody_1,-0.6221721768379211,0.6755009293556213,1.8527145385742188,0.11466684192419052,-0.5889856815338135,0.7601719498634338,0.2491706758737564,0.0,False
27623.9747969,456,1,RigidBody_1,-0.6221721768379211,0.6755009293556213,1.8527145385742188,0.11466684192419052,-0.5889856815338135,0.7601719498634338,0.2491706758737564,0.0,False
27623.9902344,457,1,RigidBody_1,-0.6221721768379211,0.6755009293556213,1.8527145385742188,0.11466684192419052,-0.5889856815338135,0.7601719498634338,0.2491706758737564,0.0,False
27624.1991105,458,1,RigidBody_1,-0.6221721768379211,0.6755009293556213,1.8527145385742188,0.11466684192419052,-0.5889856815338135,0.7601719498634338,0.2491706758737564,0.0,False
27624.2035416,459,1,RigidBody_1,-0.6221721768379211,0.6755009293556213,1.8527145385742188,0.11466684192419052,-0.5889856815338135,0.7601719498634338,0.2491706758737564,0.0,False
27624.2129,460,1,RigidBody_1,-0.6221721768379211,0.6755009293556213,1.8527145385742188,0.11466684192419052,-0.5889856815338135,0.7601719498634338,0.2491706758737564,0.0,False
27624.2222929,461,1,RigidBody_1,-0.6221721768379211,0.6755009293556213,1.8527145385742188,0.11466684192419052,-0.5889856815338135,0.7601719498634338,0.2491706758737564,0.0,False
27624.2243842,462,1,RigidBody_1,-0.6221721768379211,0.6755009293556213,1.8527145385742188,0.11466684192419052,-0.5889856815338135,0.7601719498634338,0.2491706758737564,0.0,False
27624.2314013,463,1,RigidBody_1,-0.6221721768379211,0.6755009293556213,1.8527145385742188,0.11466684192419052,-0.5889856815338135,0.7601719498634338,0.2491706758737564,0.0,False
27624.2394101,464,1,RigidBody_1,-0.6221721768379211,0.6755009293556213,1.8527145385742188,0.11466684192419052,-0.5889856815338135,0.7601719498634338,0.2491706758737564,0.0,False
27624.2476802,465,1,RigidBody_1,-0.6221721768379211,0.6755009293556213,1.8527145385742188,0.11466684192419052,-0.5889856815338135,0.7601719498634338,0.2491706758737564,0.0,False
27624.2561967,466,1,RigidBody_1,-0.6221721768379211,0.6755009293556213,1.8527145385742188,0.11466684192419052,-0.5889856815338135,0.7601719498634338,0.2491706758737564,0.0,False
27624.2648254,467,1,RigidBody_1,-0.6221721768379211,0.6755009293556213,1.8527145385742188,0.11466684192419052,-0.5889856815338135,0.7601719498634338,0.2491706758737564,0.0,False
27624.2726386,468,1,RigidBody_1,-0.6221721768379211,0.6755009293556213,1.8527145385742188,0.11466684192419052,-0.5889856815338135,0.7601719498634338,0.2491706758737564,0.0,False
27624.2808808,469,1,RigidBody_1,-0.6221721768379211,0.6755009293556213,1.8527145385742188,0.11466684192419052,-0.5889856815338135,0.7601719498634338,0.2491706758737564,0.0,False
27624.2904925,470,1,RigidBody_1,-0.6221721768379211,0.6755009293556213,1.8527145385742188,0.11466684192419052,-0.5889856815338135,0.7601719498634338,0.2491706758737564,0.0,False
27624.2983688,471,1,RigidBody_1,-0.6221721768379211,0.6755009293556213,1.8527145385742188,0.11466684192419052,-0.5889856815338135,0.7601719498634338,0.2491706758737564,0.0,False
27624.3075253,472,1,RigidBody_1,-0.6221721768379211,0.6755009293556213,1.8527145385742188,0.11466684192419052,-0.5889856815338135,0.7601719498634338,0.2491706758737564,0.0,False
27624.3150465,473,1,RigidBody_1,-0.6221721768379211,0.6755009293556213,1.8527145385742188,0.11466684192419052,-0.5889856815338135,0.7601719498634338,0.2491706758737564,0.0,False
27624.3248062,474,1,RigidBody_1,-0.6221721768379211,0.6755009293556213,1.8527145385742188,0.11466684192419052,-0.5889856815338135,0.7601719498634338,0.2491706758737564,0.0,False
27624.3346065,475,1,RigidBody_1,-0.6221721768379211,0.6755009293556213,1.8527145385742188,0.11466684192419052,-0.5889856815338135,0.7601719498634338,0.2491706758737564,0.0,False
27624.3405701,476,1,RigidBody_1,-0.6221721768379211,0.6755009293556213,1.8527145385742188,0.11466684192419052,-0.5889856815338135,0.7601719498634338,0.2491706758737564,0.0,False
27624.3546344,477,1,RigidBody_1,-0.6221721768379211,0.6755009293556213,1.8527145385742188,0.11466684192419052,-0.5889856815338135,0.7601719498634338,0.2491706758737564,0.0,False
27624.3576345,478,1,RigidBody_1,-0.6221721768379211,0.6755009293556213,1.8527145385742188,0.11466684192419052,-0.5889856815338135,0.7601719498634338,0.2491706758737564,0.0,False
27624.3640767,479,1,RigidBody_1,-0.6221721768379211,0.6755009293556213,1.8527145385742188,0.11466684192419052,-0.5889856815338135,0.7601719498634338,0.2491706758737564,0.0,False
27624.373198,480,1,RigidBody_1,-0.6221721768379211,0.6755009293556213,1.8527145385742188,0.11466684192419052,-0.5889856815338135,0.7601719498634338,0.2491706758737564,0.0,False
27624.385828,481,1,RigidBody_1,-0.6221721768379211,0.6755009293556213,1.8527145385742188,0.11466684192419052,-0.5889856815338135,0.7601719498634338,0.2491706758737564,0.0,False
27624.3894971,482,1,RigidBody_1,-0.6221721768379211,0.6755009293556213,1.8527145385742188,0.11466684192419052,-0.5889856815338135,0.7601719498634338,0.2491706758737564,0.0,False
27624.3981287,483,1,RigidBody_1,-0.6221721768379211,0.6755009293556213,1.8527145385742188,0.11466684192419052,-0.5889856815338135,0.7601719498634338,0.2491706758737564,0.0,False
27624.4074708,484,1,RigidBody_1,-0.6221721768379211,0.6755009293556213,1.8527145385742188,0.11466684192419052,-0.5889856815338135,0.7601719498634338,0.2491706758737564,0.0,False
27624.4145985,485,1,RigidBody_1,-0.6221721768379211,0.6755009293556213,1.8527145385742188,0.11466684192419052,-0.5889856815338135,0.7601719498634338,0.2491706758737564,0.0,False
27624.4237852,486,1,RigidBody_1,-0.6221721768379211,0.6755009293556213,1.8527145385742188,0.11466684192419052,-0.5889856815338135,0.7601719498634338,0.2491706758737564,0.0,False
27624.4315138,487,1,RigidBody_1,-0.6221721768379211,0.6755009293556213,1.8527145385742188,0.11466684192419052,-0.5889856815338135,0.7601719498634338,0.2491706758737564,0.0,False
27624.4393503,488,1,RigidBody_1,-0.6221721768379211,0.6755009293556213,1.8527145385742188,0.11466684192419052,-0.5889856815338135,0.7601719498634338,0.2491706758737564,0.0,False
27624.4474186,489,1,RigidBody_1,-0.6221721768379211,0.6755009293556213,1.8527145385742188,0.11466684192419052,-0.5889856815338135,0.7601719498634338,0.2491706758737564,0.0,False
27624.4576214,490,1,RigidBody_1,-0.6221721768379211,0.6755009293556213,1.8527145385742188,0.11466684192419052,-0.5889856815338135,0.7601719498634338,0.2491706758737564,0.0,False
27624.4642372,491,1,RigidBody_1,-0.6221721768379211,0.6755009293556213,1.8527145385742188,0.11466684192419052,-0.5889856815338135,0.7601719498634338,0.2491706758737564,0.0,False
27624.4731832,492,1,RigidBody_1,-0.6221721768379211,0.6755009293556213,1.8527145385742188,0.11466684192419052,-0.5889856815338135,0.7601719498634338,0.2491706758737564,0.0,False
27624.4838329,493,1,RigidBody_1,-0.6221721768379211,0.6755009293556213,1.8527145385742188,0.11466684192419052,-0.5889856815338135,0.7601719498634338,0.2491706758737564,0.0,False
27624.4895876,494,1,RigidBody_1,-0.6221721768379211,0.6755009293556213,1.8527145385742188,0.11466684192419052,-0.5889856815338135,0.7601719498634338,0.2491706758737564,0.0,False
27624.4986833,495,1,RigidBody_1,-0.6221721768379211,0.6755009293556213,1.8527145385742188,0.11466684192419052,-0.5889856815338135,0.7601719498634338,0.2491706758737564,0.0,False
27624.5084423,496,1,RigidBody_1,-0.6221721768379211,0.6755009293556213,1.8527145385742188,0.11466684192419052,-0.5889856815338135,0.7601719498634338,0.2491706758737564,0.0,False
27624.5171033,497,1,RigidBody_1,-0.6221721768379211,0.6755009293556213,1.8527145385742188,0.11466684192419052,-0.5889856815338135,0.7601719498634338,0.2491706758737564,0.0,False
27624.5274595,498,1,RigidBody_1,-0.6221721768379211,0.6755009293556213,1.8527145385742188,0.11466684192419052,-0.5889856815338135,0.7601719498634338,0.2491706758737564,0.0,False
27624.5321006,499,1,RigidBody_1,-0.6221721768379211,0.6755009293556213,1.8527145385742188,0.11466684192419052,-0.5889856815338135,0.7601719498634338,0.2491706758737564,0.0,False
27624.5439219,500,1,RigidBody_1,-0.6221721768379211,0.6755009293556213,1.8527145385742188,0.11466684192419052,-0.5889856815338135,0.7601719498634338,0.2491706758737564,0.0,False
27624.5477228,501,1,RigidBody_1,-0.6221721768379211,0.6755009293556213,1.8527145385742188,0.11466684192419052,-0.5889856815338135,0.7601719498634338,0.2491706758737564,0.0,False
27624.5563911,502,1,RigidBody_1,-0.6221721768379211,0.6755009293556213,1.8527145385742188,0.11466684192419052,-0.5889856815338135,0.7601719498634338,0.2491706758737564,0.0,False
27624.572221,503,1,RigidBody_1,-0.6221721768379211,0.6755009293556213,1.8527145385742188,0.11466684192419052,-0.5889856815338135,0.7601719498634338,0.2491706758737564,0.0,False
27624.5740432,504,1,RigidBody_1,-0.6221721768379211,0.6755009293556213,1.8527145385742188,0.11466684192419052,-0.5889856815338135,0.7601719498634338,0.2491706758737564,0.0,False
27624.583416,505,1,RigidBody_1,-0.6221721768379211,0.6755009293556213,1.8527145385742188,0.11466684192419052,-0.5889856815338135,0.7601719498634338,0.2491706758737564,0.0,False
27624.5901134,506,1,RigidBody_1,-0.6221721768379211,0.6755009293556213,1.8527145385742188,0.11466684192419052,-0.5889856815338135,0.7601719498634338,0.2491706758737564,0.0,False
27624.5979747,507,1,RigidBody_1,-0.6221721768379211,0.6755009293556213,1.8527145385742188,0.11466684192419052,-0.5889856815338135,0.7601719498634338,0.2491706758737564,0.0,False
27624.6121258,508,1,RigidBody_1,-0.6221721768379211,0.6755009293556213,1.8527145385742188,0.11466684192419052,-0.5889856815338135,0.7601719498634338,0.2491706758737564,0.0,False
27624.6147458,509,1,RigidBody_1,-0.6221721768379211,0.6755009293556213,1.8527145385742188,0.11466684192419052,-0.5889856815338135,0.7601719498634338,0.2491706758737564,0.0,False
27624.6254683,510,1,RigidBody_1,-0.6221721768379211,0.6755009293556213,1.8527145385742188,0.11466684192419052,-0.5889856815338135,0.7601719498634338,0.2491706758737564,0.0,False
27624.63178,511,1,RigidBody_1,-0.6221721768379211,0.6755009293556213,1.8527145385742188,0.11466684192419052,-0.5889856815338135,0.7601719498634338,0.2491706758737564,0.0,False
27624.639381,512,1,RigidBody_1,-0.6221721768379211,0.6755009293556213,1.8527145385742188,0.11466684192419052,-0.5889856815338135,0.7601719498634338,0.2491706758737564,0.0,False
27624.6529509,513,1,RigidBody_1,-0.6221721768379211,0.6755009293556213,1.8527145385742188,0.11466684192419052,-0.5889856815338135,0.7601719498634338,0.2491706758737564,0.0,False
27624.6582963,514,1,RigidBody_1,-0.6221721768379211,0.6755009293556213,1.8527145385742188,0.11466684192419052,-0.5889856815338135,0.7601719498634338,0.2491706758737564,0.0,False
27624.6653793,515,1,RigidBody_1,-0.6221721768379211,0.6755009293556213,1.8527145385742188,0.11466684192419052,-0.5889856815338135,0.7601719498634338,0.2491706758737564,0.0,False
27624.6767934,516,1,RigidBody_1,-0.6221721768379211,0.6755009293556213,1.8527145385742188,0.11466684192419052,-0.5889856815338135,0.7601719498634338,0.2491706758737564,0.0,False
27624.6837142,517,1,RigidBody_1,-0.6221721768379211,0.6755009293556213,1.8527145385742188,0.11466684192419052,-0.5889856815338135,0.7601719498634338,0.2491706758737564,0.0,False
27624.6957946,518,1,RigidBody_1,-0.6221721768379211,0.6755009293556213,1.8527145385742188,0.11466684192419052,-0.5889856815338135,0.7601719498634338,0.2491706758737564,0.0,False
27624.6994153,519,1,RigidBody_1,-0.6221721768379211,0.6755009293556213,1.8527145385742188,0.11466684192419052,-0.5889856815338135,0.7601719498634338,0.2491706758737564,0.0,False
27624.7081242,520,1,RigidBody_1,-0.6221721768379211,0.6755009293556213,1.8527145385742188,0.11466684192419052,-0.5889856815338135,0.7601719498634338,0.2491706758737564,0.0,False
27624.7157287,521,1,RigidBody_1,-0.6221721768379211,0.6755009293556213,1.8527145385742188,0.11466684192419052,-0.5889856815338135,0.7601719498634338,0.2491706758737564,0.0,False
27624.7233453,522,1,RigidBody_1,-0.6221721768379211,0.6755009293556213,1.8527145385742188,0.11466684192419052,-0.5889856815338135,0.7601719498634338,0.2491706758737564,0.0,False
27624.7315796,523,1,RigidBody_1,-0.6221721768379211,0.6755009293556213,1.8527145385742188,0.11466684192419052,-0.5889856815338135,0.7601719498634338,0.2491706758737564,0.0,False
27624.7420578,524,1,RigidBody_1,-0.6221721768379211,0.6755009293556213,1.8527145385742188,0.11466684192419052,-0.5889856815338135,0.7601719498634338,0.2491706758737564,0.0,False
27624.7513058,525,1,RigidBody_1,-0.6221721768379211,0.6755009293556213,1.8527145385742188,0.11466684192419052,-0.5889856815338135,0.7601719498634338,0.2491706758737564,0.0,False
27624.7561098,526,1,RigidBody_1,-0.6221721768379211,0.6755009293556213,1.8527145385742188,0.11466684192419052,-0.5889856815338135,0.7601719498634338,0.2491706758737564,0.0,False
27624.7639943,527,1,RigidBody_1,-0.6221721768379211,0.6755009293556213,1.8527145385742188,0.11466684192419052,-0.5889856815338135,0.7601719498634338,0.2491706758737564,0.0,False
27624.7795313,528,1,RigidBody_1,-0.6221721768379211,0.6755009293556213,1.8527145385742188,0.11466684192419052,-0.5889856815338135,0.7601719498634338,0.2491706758737564,0.0,False
27624.7826382,529,1,RigidBody_1,-0.6221721768379211,0.6755009293556213,1.8527145385742188,0.11466684192419052,-0.5889856815338135,0.7601719498634338,0.2491706758737564,0.0,False
27624.793041,530,1,RigidBody_1,-0.6221721768379211,0.6755009293556213,1.8527145385742188,0.11466684192419052,-0.5889856815338135,0.7601719498634338,0.2491706758737564,0.0,False
27624.8006219,531,1,RigidBody_1,-0.6221721768379211,0.6755009293556213,1.8527145385742188,0.11466684192419052,-0.5889856815338135,0.7601719498634338,0.2491706758737564,0.0,False
27624.8076765,532,1,RigidBody_1,-0.6221721768379211,0.6755009293556213,1.8527145385742188,0.11466684192419052,-0.5889856815338135,0.7601719498634338,0.2491706758737564,0.0,False
27624.8186333,533,1,RigidBody_1,-0.6221721768379211,0.6755009293556213,1.8527145385742188,0.11466684192419052,-0.5889856815338135,0.7601719498634338,0.2491706758737564,0.0,False
27624.8271616,534,1,RigidBody_1,-0.6221721768379211,0.6755009293556213,1.8527145385742188,0.11466684192419052,-0.5889856815338135,0.7601719498634338,0.2491706758737564,0.0,False
27624.8333178,535,1,RigidBody_1,-0.6221721768379211,0.6755009293556213,1.8527145385742188,0.11466684192419052,-0.5889856815338135,0.7601719498634338,0.2491706758737564,0.0,False
27624.8412663,536,1,RigidBody_1,-0.6221721768379211,0.6755009293556213,1.8527145385742188,0.11466684192419052,-0.5889856815338135,0.7601719498634338,0.2491706758737564,0.0,False
27624.8494677,537,1,RigidBody_1,-0.6221721768379211,0.6755009293556213,1.8527145385742188,0.11466684192419052,-0.5889856815338135,0.7601719498634338,0.2491706758737564,0.0,False
27624.8616194,538,1,RigidBody_1,-0.6221721768379211,0.6755009293556213,1.8527145385742188,0.11466684192419052,-0.5889856815338135,0.7601719498634338,0.2491706758737564,0.0,False
27624.8645326,539,1,RigidBody_1,-0.6221721768379211,0.6755009293556213,1.8527145385742188,0.11466684192419052,-0.5889856815338135,0.7601719498634338,0.2491706758737564,0.0,False
27624.8746827,540,1,RigidBody_1,-0.6221721768379211,0.6755009293556213,1.8527145385742188,0.11466684192419052,-0.5889856815338135,0.7601719498634338,0.2491706758737564,0.0,False
27624.8826254,541,1,RigidBody_1,-0.6221721768379211,0.6755009293556213,1.8527145385742188,0.11466684192419052,-0.5889856815338135,0.7601719498634338,0.2491706758737564,0.0,False
27624.8889582,542,1,RigidBody_1,-0.6221721768379211,0.6755009293556213,1.8527145385742188,0.11466684192419052,-0.5889856815338135,0.7601719498634338,0.2491706758737564,0.0,False
27624.9007338,543,1,RigidBody_1,-0.6221721768379211,0.6755009293556213,1.8527145385742188,0.11466684192419052,-0.5889856815338135,0.7601719498634338,0.2491706758737564,0.0,False
27624.9094682,544,1,RigidBody_1,-0.6221721768379211,0.6755009293556213,1.8527145385742188,0.11466684192419052,-0.5889856815338135,0.7601719498634338,0.2491706758737564,0.0,False
27624.9155564,545,1,RigidBody_1,-0.6221721768379211,0.6755009293556213,1.8527145385742188,0.11466684192419052,-0.5889856815338135,0.7601719498634338,0.2491706758737564,0.0,False
27624.9236732,546,1,RigidBody_1,-0.6221721768379211,0.6755009293556213,1.8527145385742188,0.11466684192419052,-0.5889856815338135,0.7601719498634338,0.2491706758737564,0.0,False
27624.9385681,547,1,RigidBody_1,-0.6221721768379211,0.6755009293556213,1.8527145385742188,0.11466684192419052,-0.5889856815338135,0.7601719498634338,0.2491706758737564,0.0,False
27624.9404731,548,1,RigidBody_1,-0.6221721768379211,0.6755009293556213,1.8527145385742188,0.11466684192419052,-0.5889856815338135,0.7601719498634338,0.2491706758737564,0.0,False
27624.9478298,549,1,RigidBody_1,-0.6221721768379211,0.6755009293556213,1.8527145385742188,0.11466684192419052,-0.5889856815338135,0.7601719498634338,0.2491706758737564,0.0,False
27624.9584756,550,1,RigidBody_1,-0.6221721768379211,0.6755009293556213,1.8527145385742188,0.11466684192419052,-0.5889856815338135,0.7601719498634338,0.2491706758737564,0.0,False
27624.9655146,551,1,RigidBody_1,-0.6221721768379211,0.6755009293556213,1.8527145385742188,0.11466684192419052,-0.5889856815338135,0.7601719498634338,0.2491706758737564,0.0,False
27624.9768866,552,1,RigidBody_1,-0.6221721768379211,0.6755009293556213,1.8527145385742188,0.11466684192419052,-0.5889856815338135,0.7601719498634338,0.2491706758737564,0.0,False
27624.9834821,553,1,RigidBody_1,-0.6221721768379211,0.6755009293556213,1.8527145385742188,0.11466684192419052,-0.5889856815338135,0.7601719498634338,0.2491706758737564,0.0,False
27624.9912137,554,1,RigidBody_1,-0.6221721768379211,0.6755009293556213,1.8527145385742188,0.11466684192419052,-0.5889856815338135,0.7601719498634338,0.2491706758737564,0.0,False
27624.9981286,555,1,RigidBody_1,-0.6221721768379211,0.6755009293556213,1.8527145385742188,0.11466684192419052,-0.5889856815338135,0.7601719498634338,0.2491706758737564,0.0,False
27625.0126952,556,1,RigidBody_1,-0.6221721768379211,0.6755009293556213,1.8527145385742188,0.11466684192419052,-0.5889856815338135,0.7601719498634338,0.2491706758737564,0.0,False
27625.0156505,557,1,RigidBody_1,-0.6221721768379211,0.6755009293556213,1.8527145385742188,0.11466684192419052,-0.5889856815338135,0.7601719498634338,0.2491706758737564,0.0,False
27625.024361,558,1,RigidBody_1,-0.6221721768379211,0.6755009293556213,1.8527145385742188,0.11466684192419052,-0.5889856815338135,0.7601719498634338,0.2491706758737564,0.0,False
27625.0339031,559,1,RigidBody_1,-0.6221721768379211,0.6755009293556213,1.8527145385742188,0.11466684192419052,-0.5889856815338135,0.7601719498634338,0.2491706758737564,0.0,False
27625.0406261,560,1,RigidBody_1,-0.6221721768379211,0.6755009293556213,1.8527145385742188,0.11466684192419052,-0.5889856815338135,0.7601719498634338,0.2491706758737564,0.0,False
27625.0536598,561,1,RigidBody_1,-0.6221721768379211,0.6755009293556213,1.8527145385742188,0.11466684192419052,-0.5889856815338135,0.7601719498634338,0.2491706758737564,0.0,False
27625.0566565,562,1,RigidBody_1,-0.6221721768379211,0.6755009293556213,1.8527145385742188,0.11466684192419052,-0.5889856815338135,0.7601719498634338,0.2491706758737564,0.0,False
27625.0675025,563,1,RigidBody_1,-0.6221721768379211,0.6755009293556213,1.8527145385742188,0.11466684192419052,-0.5889856815338135,0.7601719498634338,0.2491706758737564,0.0,False
27625.0749503,564,1,RigidBody_1,-0.6221721768379211,0.6755009293556213,1.8527145385742188,0.11466684192419052,-0.5889856815338135,0.7601719498634338,0.2491706758737564,0.0,False
27625.0819969,565,1,RigidBody_1,-0.6221721768379211,0.6755009293556213,1.8527145385742188,0.11466684192419052,-0.5889856815338135,0.7601719498634338,0.2491706758737564,0.0,False
27625.093662,566,1,RigidBody_1,-0.6221721768379211,0.6755009293556213,1.8527145385742188,0.11466684192419052,-0.5889856815338135,0.7601719498634338,0.2491706758737564,0.0,False
27625.103201,567,1,RigidBody_1,-0.6221721768379211,0.6755009293556213,1.8527145385742188,0.11466684192419052,-0.5889856815338135,0.7601719498634338,0.2491706758737564,0.0,False
27625.1061904,568,1,RigidBody_1,-0.6221721768379211,0.6755009293556213,1.8527145385742188,0.11466684192419052,-0.5889856815338135,0.7601719498634338,0.2491706758737564,0.0,False
27625.1166399,569,1,RigidBody_1,-0.6221721768379211,0.6755009293556213,1.8527145385742188,0.11466684192419052,-0.5889856815338135,0.7601719498634338,0.2491706758737564,0.0,False
27625.1234643,570,1,RigidBody_1,-0.6221721768379211,0.6755009293556213,1.8527145385742188,0.11466684192419052,-0.5889856815338135,0.7601719498634338,0.2491706758737564,0.0,False
27625.1351649,571,1,RigidBody_1,-0.6221721768379211,0.6755009293556213,1.8527145385742188,0.11466684192419052,-0.5889856815338135,0.7601719498634338,0.2491706758737564,0.0,False
27625.1424101,572,1,RigidBody_1,-0.6221721768379211,0.6755009293556213,1.8527145385742188,0.11466684192419052,-0.5889856815338135,0.7601719498634338,0.2491706758737564,0.0,False
27625.1479288,573,1,RigidBody_1,-0.6221721768379211,0.6755009293556213,1.8527145385742188,0.11466684192419052,-0.5889856815338135,0.7601719498634338,0.2491706758737564,0.0,False
27625.1565955,574,1,RigidBody_1,-0.6221721768379211,0.6755009293556213,1.8527145385742188,0.11466684192419052,-0.5889856815338135,0.7601719498634338,0.2491706758737564,0.0,False
27625.1721231,575,1,RigidBody_1,-0.6221721768379211,0.6755009293556213,1.8527145385742188,0.11466684192419052,-0.5889856815338135,0.7601719498634338,0.2491706758737564,0.0,False
27625.1739981,576,1,RigidBody_1,-0.6221721768379211,0.6755009293556213,1.8527145385742188,0.11466684192419052,-0.5889856815338135,0.7601719498634338,0.2491706758737564,0.0,False
27625.1815675,577,1,RigidBody_1,-0.6221721768379211,0.6755009293556213,1.8527145385742188,0.11466684192419052,-0.5889856815338135,0.7601719498634338,0.2491706758737564,0.0,False
27625.1920603,578,1,RigidBody_1,-0.6221721768379211,0.6755009293556213,1.8527145385742188,0.11466684192419052,-0.5889856815338135,0.7601719498634338,0.2491706758737564,0.0,False
27625.1983466,579,1,RigidBody_1,-0.6221721768379211,0.6755009293556213,1.8527145385742188,0.11466684192419052,-0.5889856815338135,0.7601719498634338,0.2491706758737564,0.0,False
27625.2126734,580,1,RigidBody_1,-0.6221721768379211,0.6755009293556213,1.8527145385742188,0.11466684192419052,-0.5889856815338135,0.7601719498634338,0.2491706758737564,0.0,False
27625.2202068,581,1,RigidBody_1,-0.6221721768379211,0.6755009293556213,1.8527145385742188,0.11466684192419052,-0.5889856815338135,0.7601719498634338,0.2491706758737564,0.0,False
27625.2245328,582,1,RigidBody_1,-0.6221721768379211,0.6755009293556213,1.8527145385742188,0.11466684192419052,-0.5889856815338135,0.7601719498634338,0.2491706758737564,0.0,False
27625.2336778,583,1,RigidBody_1,-0.6221721768379211,0.6755009293556213,1.8527145385742188,0.11466684192419052,-0.5889856815338135,0.7601719498634338,0.2491706758737564,0.0,False
27625.240533,584,1,RigidBody_1,-0.6221721768379211,0.6755009293556213,1.8527145385742188,0.11466684192419052,-0.5889856815338135,0.7601719498634338,0.2491706758737564,0.0,False
27625.2529677,585,1,RigidBody_1,-0.6221721768379211,0.6755009293556213,1.8527145385742188,0.11466684192419052,-0.5889856815338135,0.7601719498634338,0.2491706758737564,0.0,False
27625.2583687,586,1,RigidBody_1,-0.6221721768379211,0.6755009293556213,1.8527145385742188,0.11466684192419052,-0.5889856815338135,0.7601719498634338,0.2491706758737564,0.0,False
27625.2669826,587,1,RigidBody_1,-0.6221721768379211,0.6755009293556213,1.8527145385742188,0.11466684192419052,-0.5889856815338135,0.7601719498634338,0.2491706758737564,0.0,False
27625.2739583,588,1,RigidBody_1,-0.6221721768379211,0.6755009293556213,1.8527145385742188,0.11466684192419052,-0.5889856815338135,0.7601719498634338,0.2491706758737564,0.0,False
27625.2823984,589,1,RigidBody_1,-0.6221721768379211,0.6755009293556213,1.8527145385742188,0.11466684192419052,-0.5889856815338135,0.7601719498634338,0.2491706758737564,0.0,False
27625.2909805,590,1,RigidBody_1,-0.6221721768379211,0.6755009293556213,1.8527145385742188,0.11466684192419052,-0.5889856815338135,0.7601719498634338,0.2491706758737564,0.0,False
27625.2976698,591,1,RigidBody_1,-0.6221721768379211,0.6755009293556213,1.8527145385742188,0.11466684192419052,-0.5889856815338135,0.7601719498634338,0.2491706758737564,0.0,False
27625.3068382,592,1,RigidBody_1,-0.6221721768379211,0.6755009293556213,1.8527145385742188,0.11466684192419052,-0.5889856815338135,0.7601719498634338,0.2491706758737564,0.0,False
27625.3163519,593,1,RigidBody_1,-0.6221721768379211,0.6755009293556213,1.8527145385742188,0.11466684192419052,-0.5889856815338135,0.7601719498634338,0.2491706758737564,0.0,False
27625.3233548,594,1,RigidBody_1,-0.6221721768379211,0.6755009293556213,1.8527145385742188,0.11466684192419052,-0.5889856815338135,0.7601719498634338,0.2491706758737564,0.0,False
27625.3350911,595,1,RigidBody_1,-0.6221721768379211,0.6755009293556213,1.8527145385742188,0.11466684192419052,-0.5889856815338135,0.7601719498634338,0.2491706758737564,0.0,False
27625.3428657,596,1,RigidBody_1,-0.6221721768379211,0.6755009293556213,1.8527145385742188,0.11466684192419052,-0.5889856815338135,0.7601719498634338,0.2491706758737564,0.0,False
27625.3483263,597,1,RigidBody_1,-0.6221721768379211,0.6755009293556213,1.8527145385742188,0.11466684192419052,-0.5889856815338135,0.7601719498634338,0.2491706758737564,0.0,False
27625.3574276,598,1,RigidBody_1,-0.6221721768379211,0.6755009293556213,1.8527145385742188,0.11466684192419052,-0.5889856815338135,0.7601719498634338,0.2491706758737564,0.0,False
27625.3724496,599,1,RigidBody_1,-0.6221721768379211,0.6755009293556213,1.8527145385742188,0.11466684192419052,-0.5889856815338135,0.7601719498634338,0.2491706758737564,0.0,False
27625.3744945,600,1,RigidBody_1,-0.6221721768379211,0.6755009293556213,1.8527145385742188,0.11466684192419052,-0.5889856815338135,0.7601719498634338,0.2491706758737564,0.0,False
27625.3813261,601,1,RigidBody_1,-0.6221721768379211,0.6755009293556213,1.8527145385742188,0.11466684192419052,-0.5889856815338135,0.7601719498634338,0.2491706758737564,0.0,False
27625.3946205,602,1,RigidBody_1,-0.6221721768379211,0.6755009293556213,1.8527145385742188,0.11466684192419052,-0.5889856815338135,0.7601719498634338,0.2491706758737564,0.0,False
27625.3995877,603,1,RigidBody_1,-0.6221721768379211,0.6755009293556213,1.8527145385742188,0.11466684192419052,-0.5889856815338135,0.7601719498634338,0.2491706758737564,0.0,False
27625.4071029,604,1,RigidBody_1,-0.6221721768379211,0.6755009293556213,1.8527145385742188,0.11466684192419052,-0.5889856815338135,0.7601719498634338,0.2491706758737564,0.0,False
27625.4171673,605,1,RigidBody_1,-0.6221721768379211,0.6755009293556213,1.8527145385742188,0.11466684192419052,-0.5889856815338135,0.7601719498634338,0.2491706758737564,0.0,False
27625.424178,606,1,RigidBody_1,-0.6221721768379211,0.6755009293556213,1.8527145385742188,0.11466684192419052,-0.5889856815338135,0.7601719498634338,0.2491706758737564,0.0,False
27625.431336,607,1,RigidBody_1,-0.6221721768379211,0.6755009293556213,1.8527145385742188,0.11466684192419052,-0.5889856815338135,0.7601719498634338,0.2491706758737564,0.0,False
27625.4389527,608,1,RigidBody_1,-0.6221721768379211,0.6755009293556213,1.8527145385742188,0.11466684192419052,-0.5889856815338135,0.7601719498634338,0.2491706758737564,0.0,False
27625.4508448,609,1,RigidBody_1,-0.6221721768379211,0.6755009293556213,1.8527145385742188,0.11466684192419052,-0.5889856815338135,0.7601719498634338,0.2491706758737564,0.0,False
27625.4564431,610,1,RigidBody_1,-0.6221721768379211,0.6755009293556213,1.8527145385742188,0.11466684192419052,-0.5889856815338135,0.7601719498634338,0.2491706758737564,0.0,False
27625.4640668,611,1,RigidBody_1,-0.6221721768379211,0.6755009293556213,1.8527145385742188,0.11466684192419052,-0.5889856815338135,0.7601719498634338,0.2491706758737564,0.0,False
27625.472977,612,1,RigidBody_1,-0.6221721768379211,0.6755009293556213,1.8527145385742188,0.11466684192419052,-0.5889856815338135,0.7601719498634338,0.2491706758737564,0.0,False
27625.4816243,613,1,RigidBody_1,-0.6221721768379211,0.6755009293556213,1.8527145385742188,0.11466684192419052,-0.5889856815338135,0.7601719498634338,0.2491706758737564,0.0,False
27625.4898769,614,1,RigidBody_1,-0.6221721768379211,0.6755009293556213,1.8527145385742188,0.11466684192419052,-0.5889856815338135,0.7601719498634338,0.2491706758737564,0.0,False
27625.4974312,615,1,RigidBody_1,-0.6221721768379211,0.6755009293556213,1.8527145385742188,0.11466684192419052,-0.5889856815338135,0.7601719498634338,0.2491706758737564,0.0,False
27625.5073176,616,1,RigidBody_1,-0.6221721768379211,0.6755009293556213,1.8527145385742188,0.11466684192419052,-0.5889856815338135,0.7601719498634338,0.2491706758737564,0.0,False
27625.5156068,617,1,RigidBody_1,-0.6221721768379211,0.6755009293556213,1.8527145385742188,0.11466684192419052,-0.5889856815338135,0.7601719498634338,0.2491706758737564,0.0,False
27625.5287695,618,1,RigidBody_1,-0.6221721768379211,0.6755009293556213,1.8527145385742188,0.11466684192419052,-0.5889856815338135,0.7601719498634338,0.2491706758737564,0.0,False
27625.5394739,619,1,RigidBody_1,-0.6221721768379211,0.6755009293556213,1.8527145385742188,0.11466684192419052,-0.5889856815338135,0.7601719498634338,0.2491706758737564,0.0,False
27625.5449993,620,1,RigidBody_1,-0.6221721768379211,0.6755009293556213,1.8527145385742188,0.11466684192419052,-0.5889856815338135,0.7601719498634338,0.2491706758737564,0.0,False
27625.5487225,621,1,RigidBody_1,-0.6221721768379211,0.6755009293556213,1.8527145385742188,0.11466684192419052,-0.5889856815338135,0.7601719498634338,0.2491706758737564,0.0,False
27625.5567622,622,1,RigidBody_1,-0.6221721768379211,0.6755009293556213,1.8527145385742188,0.11466684192419052,-0.5889856815338135,0.7601719498634338,0.2491706758737564,0.0,False
27625.5968748,623,1,RigidBody_1,-0.6221721768379211,0.6755009293556213,1.8527145385742188,0.11466684192419052,-0.5889856815338135,0.7601719498634338,0.2491706758737564,0.0,False
27625.6165055,624,1,RigidBody_1,-0.6221721768379211,0.6755009293556213,1.8527145385742188,0.11466684192419052,-0.5889856815338135,0.7601719498634338,0.2491706758737564,0.0,False
27625.6372324,625,1,RigidBody_1,-0.6221721768379211,0.6755009293556213,1.8527145385742188,0.11466684192419052,-0.5889856815338135,0.7601719498634338,0.2491706758737564,0.0,False
27625.6483354,626,1,RigidBody_1,-0.6221721768379211,0.6755009293556213,1.8527145385742188,0.11466684192419052,-0.5889856815338135,0.7601719498634338,0.2491706758737564,0.0,False
27625.6764008,627,1,RigidBody_1,-0.6221721768379211,0.6755009293556213,1.8527145385742188,0.11466684192419052,-0.5889856815338135,0.7601719498634338,0.2491706758737564,0.0,False
27625.6814009,628,1,RigidBody_1,-0.6221721768379211,0.6755009293556213,1.8527145385742188,0.11466684192419052,-0.5889856815338135,0.7601719498634338,0.2491706758737564,0.0,False
27625.6942485,629,1,RigidBody_1,-0.6221721768379211,0.6755009293556213,1.8527145385742188,0.11466684192419052,-0.5889856815338135,0.7601719498634338,0.2491706758737564,0.0,False
27625.7073467,630,1,RigidBody_1,-0.6221721768379211,0.6755009293556213,1.8527145385742188,0.11466684192419052,-0.5889856815338135,0.7601719498634338,0.2491706758737564,0.0,False
27625.7094562,631,1,RigidBody_1,-0.6221721768379211,0.6755009293556213,1.8527145385742188,0.11466684192419052,-0.5889856815338135,0.7601719498634338,0.2491706758737564,0.0,False
27625.711535,632,1,RigidBody_1,-0.6221721768379211,0.6755009293556213,1.8527145385742188,0.11466684192419052,-0.5889856815338135,0.7601719498634338,0.2491706758737564,0.0,False
27625.7173017,633,1,RigidBody_1,-0.6221721768379211,0.6755009293556213,1.8527145385742188,0.11466684192419052,-0.5889856815338135,0.7601719498634338,0.2491706758737564,0.0,False
27625.7193904,634,1,RigidBody_1,-0.6221721768379211,0.6755009293556213,1.8527145385742188,0.11466684192419052,-0.5889856815338135,0.7601719498634338,0.2491706758737564,0.0,False
27625.7431179,635,1,RigidBody_1,-0.6221721768379211,0.6755009293556213,1.8527145385742188,0.11466684192419052,-0.5889856815338135,0.7601719498634338,0.2491706758737564,0.0,False
27625.7615441,636,1,RigidBody_1,-0.6221721768379211,0.6755009293556213,1.8527145385742188,0.11466684192419052,-0.5889856815338135,0.7601719498634338,0.2491706758737564,0.0,False
27625.7987035,637,1,RigidBody_1,-0.6221721768379211,0.6755009293556213,1.8527145385742188,0.11466684192419052,-0.5889856815338135,0.7601719498634338,0.2491706758737564,0.0,False
27625.8099093,638,1,RigidBody_1,-0.6221721768379211,0.6755009293556213,1.8527145385742188,0.11466684192419052,-0.5889856815338135,0.7601719498634338,0.2491706758737564,0.0,False
27625.822542,639,1,RigidBody_1,-0.6221721768379211,0.6755009293556213,1.8527145385742188,0.11466684192419052,-0.5889856815338135,0.7601719498634338,0.2491706758737564,0.0,False
27625.9841674,640,1,RigidBody_1,-0.6221721768379211,0.6755009293556213,1.8527145385742188,0.11466684192419052,-0.5889856815338135,0.7601719498634338,0.2491706758737564,0.0,False
27625.9935788,641,1,RigidBody_1,-0.6221721768379211,0.6755009293556213,1.8527145385742188,0.11466684192419052,-0.5889856815338135,0.7601719498634338,0.2491706758737564,0.0,False
27625.9955996,642,1,RigidBody_1,-0.6221721768379211,0.6755009293556213,1.8527145385742188,0.11466684192419052,-0.5889856815338135,0.7601719498634338,0.2491706758737564,0.0,False
27626.0016456,643,1,RigidBody_1,-0.6221721768379211,0.6755009293556213,1.8527145385742188,0.11466684192419052,-0.5889856815338135,0.7601719498634338,0.2491706758737564,0.0,False
27626.2792391,644,1,RigidBody_1,-0.6221721768379211,0.6755009293556213,1.8527145385742188,0.11466684192419052,-0.5889856815338135,0.7601719498634338,0.2491706758737564,0.0,False
27626.2977959,645,1,RigidBody_1,-0.6221721768379211,0.6755009293556213,1.8527145385742188,0.11466684192419052,-0.5889856815338135,0.7601719498634338,0.2491706758737564,0.0,False
27626.3121432,646,1,RigidBody_1,-0.6221721768379211,0.6755009293556213,1.8527145385742188,0.11466684192419052,-0.5889856815338135,0.7601719498634338,0.2491706758737564,0.0,False
27626.3143548,647,1,RigidBody_1,-0.6221721768379211,0.6755009293556213,1.8527145385742188,0.11466684192419052,-0.5889856815338135,0.7601719498634338,0.2491706758737564,0.0,False
27626.3161111,648,1,RigidBody_1,-0.6221721768379211,0.6755009293556213,1.8527145385742188,0.11466684192419052,-0.5889856815338135,0.7601719498634338,0.2491706758737564,0.0,False
27626.3196081,649,1,RigidBody_1,-0.6221721768379211,0.6755009293556213,1.8527145385742188,0.11466684192419052,-0.5889856815338135,0.7601719498634338,0.2491706758737564,0.0,False
27626.3456775,650,1,RigidBody_1,-0.6221721768379211,0.6755009293556213,1.8527145385742188,0.11466684192419052,-0.5889856815338135,0.7601719498634338,0.2491706758737564,0.0,False
27626.4187762,651,1,RigidBody_1,-0.6221721768379211,0.6755009293556213,1.8527145385742188,0.11466684192419052,-0.5889856815338135,0.7601719498634338,0.2491706758737564,0.0,False
27626.4327357,652,1,RigidBody_1,-0.6221721768379211,0.6755009293556213,1.8527145385742188,0.11466684192419052,-0.5889856815338135,0.7601719498634338,0.2491706758737564,0.0,False
27626.4486037,653,1,RigidBody_1,-0.6221721768379211,0.6755009293556213,1.8527145385742188,0.11466684192419052,-0.5889856815338135,0.7601719498634338,0.2491706758737564,0.0,False
27626.4564679,654,1,RigidBody_1,-0.6221721768379211,0.6755009293556213,1.8527145385742188,0.11466684192419052,-0.5889856815338135,0.7601719498634338,0.2491706758737564,0.0,False
27626.4646388,655,1,RigidBody_1,-0.6221721768379211,0.6755009293556213,1.8527145385742188,0.11466684192419052,-0.5889856815338135,0.7601719498634338,0.2491706758737564,0.0,False
27626.5069121,656,1,RigidBody_1,-0.6221721768379211,0.6755009293556213,1.8527145385742188,0.11466684192419052,-0.5889856815338135,0.7601719498634338,0.2491706758737564,0.0,False
27626.566929,657,1,RigidBody_1,-0.6221721768379211,0.6755009293556213,1.8527145385742188,0.11466684192419052,-0.5889856815338135,0.7601719498634338,0.2491706758737564,0.0,False
27626.5798313,658,1,RigidBody_1,-0.6221721768379211,0.6755009293556213,1.8527145385742188,0.11466684192419052,-0.5889856815338135,0.7601719498634338,0.2491706758737564,0.0,False
27626.6453886,659,1,RigidBody_1,-0.6221721768379211,0.6755009293556213,1.8527145385742188,0.11466684192419052,-0.5889856815338135,0.7601719498634338,0.2491706758737564,0.0,False
27626.6717929,660,1,RigidBody_1,-0.6221721768379211,0.6755009293556213,1.8527145385742188,0.11466684192419052,-0.5889856815338135,0.7601719498634338,0.2491706758737564,0.0,False
27626.6786907,661,1,RigidBody_1,-0.6221721768379211,0.6755009293556213,1.8527145385742188,0.11466684192419052,-0.5889856815338135,0.7601719498634338,0.2491706758737564,0.0,False
27626.7086717,662,1,RigidBody_1,-0.6221721768379211,0.6755009293556213,1.8527145385742188,0.11466684192419052,-0.5889856815338135,0.7601719498634338,0.2491706758737564,0.0,False
27626.7201162,663,1,RigidBody_1,-0.6221721768379211,0.6755009293556213,1.8527145385742188,0.11466684192419052,-0.5889856815338135,0.7601719498634338,0.2491706758737564,0.0,False
27626.7325046,664,1,RigidBody_1,-0.6221721768379211,0.6755009293556213,1.8527145385742188,0.11466684192419052,-0.5889856815338135,0.7601719498634338,0.2491706758737564,0.0,False
27626.7406105,665,1,RigidBody_1,-0.6221721768379211,0.6755009293556213,1.8527145385742188,0.11466684192419052,-0.5889856815338135,0.7601719498634338,0.2491706758737564,0.0,False
27626.7566784,666,1,RigidBody_1,-0.6221721768379211,0.6755009293556213,1.8527145385742188,0.11466684192419052,-0.5889856815338135,0.7601719498634338,0.2491706758737564,0.0,False
27626.7646036,667,1,RigidBody_1,-0.6221721768379211,0.6755009293556213,1.8527145385742188,0.11466684192419052,-0.5889856815338135,0.7601719498634338,0.2491706758737564,0.0,False
27626.781765,668,1,RigidBody_1,-0.6221721768379211,0.6755009293556213,1.8527145385742188,0.11466684192419052,-0.5889856815338135,0.7601719498634338,0.2491706758737564,0.0,False
27626.8147546,669,1,RigidBody_1,-0.6221721768379211,0.6755009293556213,1.8527145385742188,0.11466684192419052,-0.5889856815338135,0.7601719498634338,0.2491706758737564,0.0,False
27626.8406026,670,1,RigidBody_1,-0.6221721768379211,0.6755009293556213,1.8527145385742188,0.11466684192419052,-0.5889856815338135,0.7601719498634338,0.2491706758737564,0.0,False
27626.8917664,671,1,RigidBody_1,-0.6221721768379211,0.6755009293556213,1.8527145385742188,0.11466684192419052,-0.5889856815338135,0.7601719498634338,0.2491706758737564,0.0,False
27626.9037101,672,1,RigidBody_1,-0.6221721768379211,0.6755009293556213,1.8527145385742188,0.11466684192419052,-0.5889856815338135,0.7601719498634338,0.2491706758737564,0.0,False
27626.9476106,673,1,RigidBody_1,-0.6221721768379211,0.6755009293556213,1.8527145385742188,0.11466684192419052,-0.5889856815338135,0.7601719498634338,0.2491706758737564,0.0,False
27626.9659383,674,1,RigidBody_1,-0.6221721768379211,0.6755009293556213,1.8527145385742188,0.11466684192419052,-0.5889856815338135,0.7601719498634338,0.2491706758737564,0.0,False
27627.00711,675,1,RigidBody_1,-0.6221721768379211,0.6755009293556213,1.8527145385742188,0.11466684192419052,-0.5889856815338135,0.7601719498634338,0.2491706758737564,0.0,False
27627.0088364,676,1,RigidBody_1,-0.6221721768379211,0.6755009293556213,1.8527145385742188,0.11466684192419052,-0.5889856815338135,0.7601719498634338,0.2491706758737564,0.0,False
27627.0109618,677,1,RigidBody_1,-0.6221721768379211,0.6755009293556213,1.8527145385742188,0.11466684192419052,-0.5889856815338135,0.7601719498634338,0.2491706758737564,0.0,False
27627.2254464,678,1,RigidBody_1,-0.6221721768379211,0.6755009293556213,1.8527145385742188,0.11466684192419052,-0.5889856815338135,0.7601719498634338,0.2491706758737564,0.0,False
27627.228069,679,1,RigidBody_1,-0.6221721768379211,0.6755009293556213,1.8527145385742188,0.11466684192419052,-0.5889856815338135,0.7601719498634338,0.2491706758737564,0.0,False
27627.2307828,680,1,RigidBody_1,-0.6221721768379211,0.6755009293556213,1.8527145385742188,0.11466684192419052,-0.5889856815338135,0.7601719498634338,0.2491706758737564,0.0,False
27627.2328302,681,1,RigidBody_1,-0.6221721768379211,0.6755009293556213,1.8527145385742188,0.11466684192419052,-0.5889856815338135,0.7601719498634338,0.2491706758737564,0.0,False
27627.243782,682,1,RigidBody_1,-0.6221721768379211,0.6755009293556213,1.8527145385742188,0.11466684192419052,-0.5889856815338135,0.7601719498634338,0.2491706758737564,0.0,False
27627.2483028,683,1,RigidBody_1,-0.6221721768379211,0.6755009293556213,1.8527145385742188,0.11466684192419052,-0.5889856815338135,0.7601719498634338,0.2491706758737564,0.0,False
27627.2561141,684,1,RigidBody_1,-0.6221721768379211,0.6755009293556213,1.8527145385742188,0.11466684192419052,-0.5889856815338135,0.7601719498634338,0.2491706758737564,0.0,False
27627.2640665,685,1,RigidBody_1,-0.6221721768379211,0.6755009293556213,1.8527145385742188,0.11466684192419052,-0.5889856815338135,0.7601719498634338,0.2491706758737564,0.0,False
27627.2737331,686,1,RigidBody_1,-0.6221721768379211,0.6755009293556213,1.8527145385742188,0.11466684192419052,-0.5889856815338135,0.7601719498634338,0.2491706758737564,0.0,False
27627.2836591,687,1,RigidBody_1,-0.6221721768379211,0.6755009293556213,1.8527145385742188,0.11466684192419052,-0.5889856815338135,0.7601719498634338,0.2491706758737564,0.0,False
27627.5149964,688,1,RigidBody_1,-0.6221721768379211,0.6755009293556213,1.8527145385742188,0.11466684192419052,-0.5889856815338135,0.7601719498634338,0.2491706758737564,0.0,False
27627.5169096,689,1,RigidBody_1,-0.6221721768379211,0.6755009293556213,1.8527145385742188,0.11466684192419052,-0.5889856815338135,0.7601719498634338,0.2491706758737564,0.0,False
27627.530606,690,1,RigidBody_1,-0.6221721768379211,0.6755009293556213,1.8527145385742188,0.11466684192419052,-0.5889856815338135,0.7601719498634338,0.2491706758737564,0.0,False
27627.5564931,691,1,RigidBody_1,-0.6221721768379211,0.6755009293556213,1.8527145385742188,0.11466684192419052,-0.5889856815338135,0.7601719498634338,0.2491706758737564,0.0,False
27627.5812883,692,1,RigidBody_1,-0.6221721768379211,0.6755009293556213,1.8527145385742188,0.11466684192419052,-0.5889856815338135,0.7601719498634338,0.2491706758737564,0.0,False
27627.5981725,693,1,RigidBody_1,-0.6221721768379211,0.6755009293556213,1.8527145385742188,0.11466684192419052,-0.5889856815338135,0.7601719498634338,0.2491706758737564,0.0,False
27627.6824138,694,1,RigidBody_1,-0.6221721768379211,0.6755009293556213,1.8527145385742188,0.11466684192419052,-0.5889856815338135,0.7601719498634338,0.2491706758737564,0.0,False
27627.7146169,695,1,RigidBody_1,-0.6221721768379211,0.6755009293556213,1.8527145385742188,0.11466684192419052,-0.5889856815338135,0.7601719498634338,0.2491706758737564,0.0,False
27627.7573222,696,1,RigidBody_1,-0.6221721768379211,0.6755009293556213,1.8527145385742188,0.11466684192419052,-0.5889856815338135,0.7601719498634338,0.2491706758737564,0.0,False
27627.7898129,697,1,RigidBody_1,-0.6221721768379211,0.6755009293556213,1.8527145385742188,0.11466684192419052,-0.5889856815338135,0.7601719498634338,0.2491706758737564,0.0,False
27627.7977838,698,1,RigidBody_1,-0.6221721768379211,0.6755009293556213,1.8527145385742188,0.11466684192419052,-0.5889856815338135,0.7601719498634338,0.2491706758737564,0.0,False
27627.8240375,699,1,RigidBody_1,-0.6221721768379211,0.6755009293556213,1.8527145385742188,0.11466684192419052,-0.5889856815338135,0.7601719498634338,0.2491706758737564,0.0,False
27627.898891,700,1,RigidBody_1,-0.6221721768379211,0.6755009293556213,1.8527145385742188,0.11466684192419052,-0.5889856815338135,0.7601719498634338,0.2491706758737564,0.0,False
27627.9159645,701,1,RigidBody_1,-0.6221721768379211,0.6755009293556213,1.8527145385742188,0.11466684192419052,-0.5889856815338135,0.7601719498634338,0.2491706758737564,0.0,False
27627.923235,702,1,RigidBody_1,-0.6221721768379211,0.6755009293556213,1.8527145385742188,0.11466684192419052,-0.5889856815338135,0.7601719498634338,0.2491706758737564,0.0,False
27627.9412183,703,1,RigidBody_1,-0.6221721768379211,0.6755009293556213,1.8527145385742188,0.11466684192419052,-0.5889856815338135,0.7601719498634338,0.2491706758737564,0.0,False
27627.9642481,704,1,RigidBody_1,-0.6221721768379211,0.6755009293556213,1.8527145385742188,0.11466684192419052,-0.5889856815338135,0.7601719498634338,0.2491706758737564,0.0,False
27627.9830114,705,1,RigidBody_1,-0.6221721768379211,0.6755009293556213,1.8527145385742188,0.11466684192419052,-0.5889856815338135,0.7601719498634338,0.2491706758737564,0.0,False
27628.0171724,706,1,RigidBody_1,-0.6221721768379211,0.6755009293556213,1.8527145385742188,0.11466684192419052,-0.5889856815338135,0.7601719498634338,0.2491706758737564,0.0,False
27628.2501963,707,1,RigidBody_1,-0.6221721768379211,0.6755009293556213,1.8527145385742188,0.11466684192419052,-0.5889856815338135,0.7601719498634338,0.2491706758737564,0.0,False
27628.2520523,708,1,RigidBody_1,-0.6221721768379211,0.6755009293556213,1.8527145385742188,0.11466684192419052,-0.5889856815338135,0.7601719498634338,0.2491706758737564,0.0,False
27628.297624,709,1,RigidBody_1,-0.6221721768379211,0.6755009293556213,1.8527145385742188,0.11466684192419052,-0.5889856815338135,0.7601719498634338,0.2491706758737564,0.0,False
27628.315212,710,1,RigidBody_1,-0.6221721768379211,0.6755009293556213,1.8527145385742188,0.11466684192419052,-0.5889856815338135,0.7601719498634338,0.2491706758737564,0.0,False
27628.3306972,711,1,RigidBody_1,-0.6221721768379211,0.6755009293556213,1.8527145385742188,0.11466684192419052,-0.5889856815338135,0.7601719498634338,0.2491706758737564,0.0,False
27628.3666399,712,1,RigidBody_1,-0.6221721768379211,0.6755009293556213,1.8527145385742188,0.11466684192419052,-0.5889856815338135,0.7601719498634338,0.2491706758737564,0.0,False
27628.381284,713,1,RigidBody_1,-0.6221721768379211,0.6755009293556213,1.8527145385742188,0.11466684192419052,-0.5889856815338135,0.7601719498634338,0.2491706758737564,0.0,False
27628.4059514,714,1,RigidBody_1,-0.6221721768379211,0.6755009293556213,1.8527145385742188,0.11466684192419052,-0.5889856815338135,0.7601719498634338,0.2491706758737564,0.0,False
27628.4489265,715,1,RigidBody_1,-0.6221721768379211,0.6755009293556213,1.8527145385742188,0.11466684192419052,-0.5889856815338135,0.7601719498634338,0.2491706758737564,0.0,False
27628.4661996,716,1,RigidBody_1,-0.6221721768379211,0.6755009293556213,1.8527145385742188,0.11466684192419052,-0.5889856815338135,0.7601719498634338,0.2491706758737564,0.0,False
27628.5150085,717,1,RigidBody_1,-0.6221721768379211,0.6755009293556213,1.8527145385742188,0.11466684192419052,-0.5889856815338135,0.7601719498634338,0.2491706758737564,0.0,False
27628.574653,718,1,RigidBody_1,-0.6221721768379211,0.6755009293556213,1.8527145385742188,0.11466684192419052,-0.5889856815338135,0.7601719498634338,0.2491706758737564,0.0,False
27628.6084801,719,1,RigidBody_1,-0.6221721768379211,0.6755009293556213,1.8527145385742188,0.11466684192419052,-0.5889856815338135,0.7601719498634338,0.2491706758737564,0.0,False
27628.6832047,720,1,RigidBody_1,-0.6221721768379211,0.6755009293556213,1.8527145385742188,0.11466684192419052,-0.5889856815338135,0.7601719498634338,0.2491706758737564,0.0,False
27628.6904473,721,1,RigidBody_1,-0.6221721768379211,0.6755009293556213,1.8527145385742188,0.11466684192419052,-0.5889856815338135,0.7601719498634338,0.2491706758737564,0.0,False
27628.8499485,722,1,RigidBody_1,-0.6221721768379211,0.6755009293556213,1.8527145385742188,0.11466684192419052,-0.5889856815338135,0.7601719498634338,0.2491706758737564,0.0,False
27628.853847,723,1,RigidBody_1,-0.6221721768379211,0.6755009293556213,1.8527145385742188,0.11466684192419052,-0.5889856815338135,0.7601719498634338,0.2491706758737564,0.0,False
27628.8640406,724,1,RigidBody_1,-0.6221721768379211,0.6755009293556213,1.8527145385742188,0.11466684192419052,-0.5889856815338135,0.7601719498634338,0.2491706758737564,0.0,False
27628.8825503,725,1,RigidBody_1,-0.6221721768379211,0.6755009293556213,1.8527145385742188,0.11466684192419052,-0.5889856815338135,0.7601719498634338,0.2491706758737564,0.0,False
27628.890339,726,1,RigidBody_1,-0.6221721768379211,0.6755009293556213,1.8527145385742188,0.11466684192419052,-0.5889856815338135,0.7601719498634338,0.2491706758737564,0.0,False
27628.9565463,727,1,RigidBody_1,-0.6221721768379211,0.6755009293556213,1.8527145385742188,0.11466684192419052,-0.5889856815338135,0.7601719498634338,0.2491706758737564,0.0,False
27628.9644593,728,1,RigidBody_1,-0.6221721768379211,0.6755009293556213,1.8527145385742188,0.11466684192419052,-0.5889856815338135,0.7601719498634338,0.2491706758737564,0.0,False
27629.0081948,729,1,RigidBody_1,-0.6221721768379211,0.6755009293556213,1.8527145385742188,0.11466684192419052,-0.5889856815338135,0.7601719498634338,0.2491706758737564,0.0,False
27629.2402704,730,1,RigidBody_1,-0.6221721768379211,0.6755009293556213,1.8527145385742188,0.11466684192419052,-0.5889856815338135,0.7601719498634338,0.2491706758737564,0.0,False
27629.2422544,731,1,RigidBody_1,-0.6221721768379211,0.6755009293556213,1.8527145385742188,0.11466684192419052,-0.5889856815338135,0.7601719498634338,0.2491706758737564,0.0,False
27629.2484343,732,1,RigidBody_1,-0.6221721768379211,0.6755009293556213,1.8527145385742188,0.11466684192419052,-0.5889856815338135,0.7601719498634338,0.2491706758737564,0.0,False
27629.2590741,733,1,RigidBody_1,-0.6221721768379211,0.6755009293556213,1.8527145385742188,0.11466684192419052,-0.5889856815338135,0.7601719498634338,0.2491706758737564,0.0,False
27629.2645945,734,1,RigidBody_1,-0.6221721768379211,0.6755009293556213,1.8527145385742188,0.11466684192419052,-0.5889856815338135,0.7601719498634338,0.2491706758737564,0.0,False
27629.2723384,735,1,RigidBody_1,-0.6221721768379211,0.6755009293556213,1.8527145385742188,0.11466684192419052,-0.5889856815338135,0.7601719498634338,0.2491706758737564,0.0,False
27629.2823699,736,1,RigidBody_1,-0.6221721768379211,0.6755009293556213,1.8527145385742188,0.11466684192419052,-0.5889856815338135,0.7601719498634338,0.2491706758737564,0.0,False
27629.29171,737,1,RigidBody_1,-0.6221721768379211,0.6755009293556213,1.8527145385742188,0.11466684192419052,-0.5889856815338135,0.7601719498634338,0.2491706758737564,0.0,False
27629.2988496,738,1,RigidBody_1,-0.6221721768379211,0.6755009293556213,1.8527145385742188,0.11466684192419052,-0.5889856815338135,0.7601719498634338,0.2491706758737564,0.0,False
27629.310177,739,1,RigidBody_1,-0.6221721768379211,0.6755009293556213,1.8527145385742188,0.11466684192419052,-0.5889856815338135,0.7601719498634338,0.2491706758737564,0.0,False
27629.3157581,740,1,RigidBody_1,-0.6221721768379211,0.6755009293556213,1.8527145385742188,0.11466684192419052,-0.5889856815338135,0.7601719498634338,0.2491706758737564,0.0,False
27629.3239171,741,1,RigidBody_1,-0.6221721768379211,0.6755009293556213,1.8527145385742188,0.11466684192419052,-0.5889856815338135,0.7601719498634338,0.2491706758737564,0.0,False
27629.3360993,742,1,RigidBody_1,-0.6221721768379211,0.6755009293556213,1.8527145385742188,0.11466684192419052,-0.5889856815338135,0.7601719498634338,0.2491706758737564,0.0,False
27629.339675,743,1,RigidBody_1,-0.6221721768379211,0.6755009293556213,1.8527145385742188,0.11466684192419052,-0.5889856815338135,0.7601719498634338,0.2491706758737564,0.0,False
27629.3477808,744,1,RigidBody_1,-0.6221721768379211,0.6755009293556213,1.8527145385742188,0.11466684192419052,-0.5889856815338135,0.7601719498634338,0.2491706758737564,0.0,False
27629.356121,745,1,RigidBody_1,-0.6221721768379211,0.6755009293556213,1.8527145385742188,0.11466684192419052,-0.5889856815338135,0.7601719498634338,0.2491706758737564,0.0,False
27629.364798,746,1,RigidBody_1,-0.6221721768379211,0.6755009293556213,1.8527145385742188,0.11466684192419052,-0.5889856815338135,0.7601719498634338,0.2491706758737564,0.0,False
27629.372908,747,1,RigidBody_1,-0.6221721768379211,0.6755009293556213,1.8527145385742188,0.11466684192419052,-0.5889856815338135,0.7601719498634338,0.2491706758737564,0.0,False
27629.3811046,748,1,RigidBody_1,-0.6221721768379211,0.6755009293556213,1.8527145385742188,0.11466684192419052,-0.5889856815338135,0.7601719498634338,0.2491706758737564,0.0,False
27629.3904776,749,1,RigidBody_1,-0.6221721768379211,0.6755009293556213,1.8527145385742188,0.11466684192419052,-0.5889856815338135,0.7601719498634338,0.2491706758737564,0.0,False
27629.3973265,750,1,RigidBody_1,-0.6221721768379211,0.6755009293556213,1.8527145385742188,0.11466684192419052,-0.5889856815338135,0.7601719498634338,0.2491706758737564,0.0,False
27629.4063387,751,1,RigidBody_1,-0.6221721768379211,0.6755009293556213,1.8527145385742188,0.11466684192419052,-0.5889856815338135,0.7601719498634338,0.2491706758737564,0.0,False
27629.4180219,752,1,RigidBody_1,-0.6221721768379211,0.6755009293556213,1.8527145385742188,0.11466684192419052,-0.5889856815338135,0.7601719498634338,0.2491706758737564,0.0,False
27629.4232752,753,1,RigidBody_1,-0.6221721768379211,0.6755009293556213,1.8527145385742188,0.11466684192419052,-0.5889856815338135,0.7601719498634338,0.2491706758737564,0.0,False
27629.4317368,754,1,RigidBody_1,-0.6221721768379211,0.6755009293556213,1.8527145385742188,0.11466684192419052,-0.5889856815338135,0.7601719498634338,0.2491706758737564,0.0,False
27629.4410781,755,1,RigidBody_1,-0.6221721768379211,0.6755009293556213,1.8527145385742188,0.11466684192419052,-0.5889856815338135,0.7601719498634338,0.2491706758737564,0.0,False
27629.6501488,756,1,RigidBody_1,-0.6221721768379211,0.6755009293556213,1.8527145385742188,0.11466684192419052,-0.5889856815338135,0.7601719498634338,0.2491706758737564,0.0,False
27629.6528393,757,1,RigidBody_1,-0.6221721768379211,0.6755009293556213,1.8527145385742188,0.11466684192419052,-0.5889856815338135,0.7601719498634338,0.2491706758737564,0.0,False
27629.6611185,758,1,RigidBody_1,-0.6221721768379211,0.6755009293556213,1.8527145385742188,0.11466684192419052,-0.5889856815338135,0.7601719498634338,0.2491706758737564,0.0,False
